name;cvc5-runtime;cvc5-result;z3-runtime;z3-result;z3-noodler-c0f3244-runtime;z3-noodler-c0f3244-result;z3-noodler-97c3742-runtime;z3-noodler-97c3742-result;z3-noodler-6e14cda-runtime;z3-noodler-6e14cda-result;z3-noodler-59658f7-runtime;z3-noodler-59658f7-result
../formulae/QF_S/20230329-woorpje-lu/track01/01_track_123.smt2;0.07; sat;0.03; sat;TO;TO;TO;TO;TO;TO;TO;TO
../formulae/QF_S/20230329-woorpje-lu/track01/01_track_116.smt2;0.03; sat;0.13; sat;0.05; sat;0.05; sat;0.05; sat;0.03; sat
../formulae/QF_S/20230329-woorpje-lu/track01/01_track_77.smt2;0.06; sat;0.04; sat;TO;TO;TO;TO;TO;TO;TO;TO
../formulae/QF_S/20230329-woorpje-lu/track01/01_track_14.smt2;0.02; sat;0.03; sat;0.05; sat;0.05; sat;0.05; sat;0.03; sat
../formulae/QF_S/20230329-woorpje-lu/track01/01_track_18.smt2;0.02; sat;0.02; sat;0.02; sat;0.04; sat;0.02; sat;0.03; sat
../formulae/QF_S/20230329-woorpje-lu/track01/01_track_156.smt2;0.01; sat;0.04; sat;0.04; sat;0.05; sat;0.04; sat;0.06; sat
../formulae/QF_S/20230329-woorpje-lu/track01/01_track_81.smt2;0.02; sat;0.02; sat;0.04; sat;0.02; sat;0.04; sat;0.02; sat
../formulae/QF_S/20230329-woorpje-lu/track01/01_track_197.smt2;0.01; sat;0.02; sat;0.03; sat;0.02; sat;0.03; sat;0.03; sat
../formulae/QF_S/20230329-woorpje-lu/track01/01_track_93.smt2;0.0; sat;0.02; sat;0.01; sat;0.03; sat;0.02; sat;0.03; sat
../formulae/QF_S/20230329-woorpje-lu/track01/01_track_125.smt2;0.02; sat;0.06; sat;0.03; sat;0.01; sat;0.04; sat;0.04; sat
../formulae/QF_S/20230329-woorpje-lu/track01/01_track_192.smt2;0.0; sat;0.01; sat;0.02; sat;0.03; sat;0.03; sat;0.03; sat
../formulae/QF_S/20230329-woorpje-lu/track01/01_track_59.smt2;0.03; sat;0.03; sat;0.04; sat;0.03; sat;0.03; sat;0.03; sat
../formulae/QF_S/20230329-woorpje-lu/track01/01_track_80.smt2;0.04; sat;0.05; sat;TO;TO;TO;TO;TO;TO;TO;TO
../formulae/QF_S/20230329-woorpje-lu/track01/01_track_147.smt2;0.03; sat;0.09; sat;0.02; sat;0.02; sat;0.04; sat;0.02; sat
../formulae/QF_S/20230329-woorpje-lu/track01/01_track_183.smt2;0.02; sat;0.01; sat;0.01; sat;0.03; sat;0.04; sat;0.02; sat
../formulae/QF_S/20230329-woorpje-lu/track01/01_track_190.smt2;0.01; sat;0.03; sat;0.02; sat;0.01; sat;0.01; sat;0.02; sat
../formulae/QF_S/20230329-woorpje-lu/track01/01_track_96.smt2;0.03; sat;0.02; sat;0.02; sat;0.02; sat;0.03; sat;0.04; sat
../formulae/QF_S/20230329-woorpje-lu/track01/01_track_32.smt2;0.03; sat;0.03; sat;0.01; sat;0.02; sat;0.03; sat;0.02; sat
../formulae/QF_S/20230329-woorpje-lu/track01/01_track_117.smt2;0.04; sat;0.04; sat;0.04; sat;0.04; sat;0.04; sat;0.03; sat
../formulae/QF_S/20230329-woorpje-lu/track01/01_track_150.smt2;0.05; sat;0.06; sat;TO;TO;TO;TO;TO;TO;TO;TO
../formulae/QF_S/20230329-woorpje-lu/track01/01_track_175.smt2;0.01; sat;0.01; sat;0.01; sat;0.02; sat;0.04; sat;0.01; sat
../formulae/QF_S/20230329-woorpje-lu/track01/01_track_56.smt2;0.02; sat;0.09; sat;0.02; sat;0.04; sat;0.02; sat;0.04; sat
../formulae/QF_S/20230329-woorpje-lu/track01/01_track_54.smt2;0.03; sat;0.02; sat;0.03; sat;0.02; sat;0.02; sat;0.03; sat
../formulae/QF_S/20230329-woorpje-lu/track01/01_track_73.smt2;0.01; sat;0.01; sat;0.02; sat;0.02; sat;0.04; sat;0.04; sat
../formulae/QF_S/20230329-woorpje-lu/track01/01_track_131.smt2;0.05; sat;0.52; sat;0.04; sat;0.02; sat;0.03; sat;0.04; sat
../formulae/QF_S/20230329-woorpje-lu/track01/01_track_76.smt2;0.02; sat;0.01; sat;0.02; sat;0.01; sat;0.05; sat;0.02; sat
../formulae/QF_S/20230329-woorpje-lu/track01/01_track_78.smt2;0.02; sat;0.02; sat;0.02; sat;0.02; sat;0.04; sat;0.03; sat
../formulae/QF_S/20230329-woorpje-lu/track01/01_track_47.smt2;0.04; sat;0.01; sat;0.03; sat;0.02; sat;0.02; sat;0.04; sat
../formulae/QF_S/20230329-woorpje-lu/track01/01_track_89.smt2;0.01; sat;0.02; sat;0.03; sat;0.02; sat;0.02; sat;0.04; sat
../formulae/QF_S/20230329-woorpje-lu/track01/01_track_90.smt2;0.01; sat;0.03; sat;0.02; sat;0.02; sat;0.03; sat;0.03; sat
../formulae/QF_S/20230329-woorpje-lu/track01/01_track_23.smt2;0.01; sat;0.01; sat;0.03; sat;0.02; sat;0.03; sat;0.03; sat
../formulae/QF_S/20230329-woorpje-lu/track01/01_track_110.smt2;0.02; sat;0.56; sat;0.04; sat;0.03; sat;0.02; sat;0.03; sat
../formulae/QF_S/20230329-woorpje-lu/track01/01_track_20.smt2;0.01; sat;0.02; sat;0.6; sat;0.59; sat;0.59; sat;0.59; sat
../formulae/QF_S/20230329-woorpje-lu/track01/01_track_170.smt2;0.0; sat;0.01; sat;0.02; sat;0.02; sat;0.02; sat;0.02; sat
../formulae/QF_S/20230329-woorpje-lu/track01/01_track_111.smt2;TO;TO;0.13; sat;30.83; sat;30.53; sat;31.54; sat;30.73; sat
../formulae/QF_S/20230329-woorpje-lu/track01/01_track_6.smt2;0.07; sat;0.04; sat;TO;TO;TO;TO;TO;TO;TO;TO
../formulae/QF_S/20230329-woorpje-lu/track01/01_track_113.smt2;0.03; sat;0.01; sat;0.03; sat;0.03; sat;0.03; sat;0.03; sat
../formulae/QF_S/20230329-woorpje-lu/track01/01_track_160.smt2;0.01; sat;0.03; sat;0.02; sat;0.02; sat;0.01; sat;0.03; sat
../formulae/QF_S/20230329-woorpje-lu/track01/01_track_168.smt2;0.0; sat;0.02; sat;0.02; sat;0.02; sat;0.01; sat;0.02; sat
../formulae/QF_S/20230329-woorpje-lu/track01/01_track_184.smt2;0.04; sat;0.18; sat;0.02; sat;0.01; sat;0.02; sat;0.03; sat
../formulae/QF_S/20230329-woorpje-lu/track01/01_track_60.smt2;0.08; sat;0.02; sat;TO;TO;TO;TO;TO;TO;TO;TO
../formulae/QF_S/20230329-woorpje-lu/track01/01_track_40.smt2;0.03; sat;0.07; sat;0.03; sat;0.02; sat;0.03; sat;0.02; sat
../formulae/QF_S/20230329-woorpje-lu/track01/01_track_164.smt2;0.01; sat;0.03; sat;0.05; sat;0.04; sat;0.02; sat;0.01; sat
../formulae/QF_S/20230329-woorpje-lu/track01/01_track_72.smt2;0.04; sat;0.07; sat;0.04; sat;0.03; sat;0.04; sat;0.02; sat
../formulae/QF_S/20230329-woorpje-lu/track01/01_track_119.smt2;0.01; sat;0.04; sat;0.03; sat;0.03; sat;0.03; sat;0.01; sat
../formulae/QF_S/20230329-woorpje-lu/track01/01_track_19.smt2;0.01; sat;0.01; sat;0.02; sat;0.03; sat;0.02; sat;0.03; sat
../formulae/QF_S/20230329-woorpje-lu/track01/01_track_7.smt2;0.04; sat;0.01; sat;0.04; sat;0.03; sat;0.01; sat;0.04; sat
../formulae/QF_S/20230329-woorpje-lu/track01/01_track_189.smt2;0.08; sat;0.01; sat;TO;TO;TO;TO;TO;TO;TO;TO
../formulae/QF_S/20230329-woorpje-lu/track01/01_track_130.smt2;0.01; sat;0.01; sat;0.01; sat;0.03; sat;0.03; sat;0.04; sat
../formulae/QF_S/20230329-woorpje-lu/track01/01_track_145.smt2;0.05; sat;0.02; sat;15.56; sat;16.16; sat;16.51; sat;16.16; sat
../formulae/QF_S/20230329-woorpje-lu/track01/01_track_154.smt2;0.02; sat;0.03; sat;0.04; sat;0.03; sat;0.0; sat;0.03; sat
../formulae/QF_S/20230329-woorpje-lu/track01/01_track_24.smt2;0.03; sat;0.02; sat;0.02; sat;0.05; sat;0.04; sat;0.03; sat
../formulae/QF_S/20230329-woorpje-lu/track01/01_track_181.smt2;0.0; sat;0.03; sat;0.03; sat;0.02; sat;0.03; sat;0.02; sat
../formulae/QF_S/20230329-woorpje-lu/track01/01_track_51.smt2;0.0; sat;0.02; sat;0.03; sat;0.03; sat;0.04; sat;0.03; sat
../formulae/QF_S/20230329-woorpje-lu/track01/01_track_109.smt2;0.1; sat;1.27; sat;TO;TO;TO;TO;TO;TO;TO;TO
../formulae/QF_S/20230329-woorpje-lu/track01/01_track_27.smt2;0.0; sat;0.02; sat;0.03; sat;0.04; sat;0.05; sat;0.03; sat
../formulae/QF_S/20230329-woorpje-lu/track01/01_track_194.smt2;0.11; sat;0.08; sat;ERR;ERR;ERR;ERR;ERR;ERR;ERR;ERR
../formulae/QF_S/20230329-woorpje-lu/track01/01_track_86.smt2;0.0; sat;0.02; sat;0.03; sat;0.03; sat;0.02; sat;0.03; sat
../formulae/QF_S/20230329-woorpje-lu/track01/01_track_67.smt2;0.02; sat;0.11; sat;0.03; sat;0.02; sat;0.02; sat;0.04; sat
../formulae/QF_S/20230329-woorpje-lu/track01/01_track_146.smt2;0.01; sat;0.02; sat;0.04; sat;0.02; sat;0.02; sat;0.03; sat
../formulae/QF_S/20230329-woorpje-lu/track01/01_track_121.smt2;0.0; sat;0.03; sat;0.02; sat;0.0; sat;0.01; sat;0.03; sat
../formulae/QF_S/20230329-woorpje-lu/track01/01_track_42.smt2;TO;TO;0.02; sat;TO;TO;ERR;ERR;ERR;ERR;ERR;ERR
../formulae/QF_S/20230329-woorpje-lu/track01/01_track_177.smt2;0.03; sat;0.11; sat;0.02; sat;0.03; sat;0.04; sat;0.04; sat
../formulae/QF_S/20230329-woorpje-lu/track01/01_track_166.smt2;0.01; sat;0.06; sat;0.04; sat;0.02; sat;0.01; sat;0.01; sat
../formulae/QF_S/20230329-woorpje-lu/track01/01_track_134.smt2;0.03; sat;0.01; sat;0.01; sat;0.03; sat;0.03; sat;0.03; sat
../formulae/QF_S/20230329-woorpje-lu/track01/01_track_136.smt2;0.01; sat;0.02; sat;0.01; sat;0.01; sat;0.01; sat;0.03; sat
../formulae/QF_S/20230329-woorpje-lu/track01/01_track_37.smt2;0.01; sat;0.02; sat;0.03; sat;0.01; sat;0.03; sat;0.02; sat
../formulae/QF_S/20230329-woorpje-lu/track01/01_track_64.smt2;0.06; sat;0.18; sat;TO;TO;TO;TO;TO;TO;TO;TO
../formulae/QF_S/20230329-woorpje-lu/track01/01_track_144.smt2;0.02; sat;0.01; sat;0.01; sat;0.01; sat;0.03; sat;0.03; sat
../formulae/QF_S/20230329-woorpje-lu/track01/01_track_29.smt2;0.02; sat;0.02; sat;0.03; sat;0.01; sat;0.02; sat;0.02; sat
../formulae/QF_S/20230329-woorpje-lu/track01/01_track_151.smt2;0.02; sat;0.07; sat;0.04; sat;0.03; sat;0.01; sat;0.02; sat
../formulae/QF_S/20230329-woorpje-lu/track01/01_track_97.smt2;0.01; sat;0.01; sat;0.02; sat;0.01; sat;0.03; sat;0.01; sat
../formulae/QF_S/20230329-woorpje-lu/track01/01_track_83.smt2;0.01; sat;0.02; sat;0.01; sat;0.02; sat;0.01; sat;0.01; sat
../formulae/QF_S/20230329-woorpje-lu/track01/01_track_178.smt2;0.05; sat;0.02; sat;0.05; sat;0.03; sat;0.05; sat;0.02; sat
../formulae/QF_S/20230329-woorpje-lu/track01/01_track_142.smt2;0.01; sat;0.01; sat;0.03; sat;0.01; sat;0.02; sat;0.03; sat
../formulae/QF_S/20230329-woorpje-lu/track01/01_track_112.smt2;0.01; sat;0.03; sat;0.03; sat;0.02; sat;0.03; sat;0.02; sat
../formulae/QF_S/20230329-woorpje-lu/track01/01_track_169.smt2;0.05; sat;0.03; sat;0.04; sat;0.04; sat;0.01; sat;0.01; sat
../formulae/QF_S/20230329-woorpje-lu/track01/01_track_138.smt2;0.02; sat;0.03; sat;0.02; sat;0.03; sat;0.02; sat;0.01; sat
../formulae/QF_S/20230329-woorpje-lu/track01/01_track_13.smt2;0.01; sat;0.02; sat;0.01; sat;0.02; sat;0.02; sat;0.02; sat
../formulae/QF_S/20230329-woorpje-lu/track01/01_track_49.smt2;0.01; sat;0.02; sat;0.01; sat;0.01; sat;0.01; sat;0.02; sat
../formulae/QF_S/20230329-woorpje-lu/track01/01_track_188.smt2;0.05; sat;0.03; sat;TO;TO;TO;TO;TO;TO;TO;TO
../formulae/QF_S/20230329-woorpje-lu/track01/01_track_74.smt2;0.03; sat;0.04; sat;0.01; sat;0.01; sat;0.03; sat;0.03; sat
../formulae/QF_S/20230329-woorpje-lu/track01/01_track_172.smt2;0.02; sat;0.04; sat;0.01; sat;0.01; sat;0.01; sat;0.02; sat
../formulae/QF_S/20230329-woorpje-lu/track01/01_track_71.smt2;0.07; sat;1.61; sat;ERR;ERR;TO;TO;TO;TO;TO;TO
../formulae/QF_S/20230329-woorpje-lu/track01/01_track_33.smt2;0.03; sat;0.01; sat;0.04; sat;0.03; sat;0.05; sat;0.02; sat
../formulae/QF_S/20230329-woorpje-lu/track01/01_track_79.smt2;0.02; sat;0.01; sat;0.02; sat;0.01; sat;0.03; sat;0.04; sat
../formulae/QF_S/20230329-woorpje-lu/track01/01_track_63.smt2;0.04; sat;0.06; sat;0.04; sat;0.04; sat;0.04; sat;0.03; sat
../formulae/QF_S/20230329-woorpje-lu/track01/01_track_126.smt2;0.03; sat;0.16; sat;0.04; sat;0.04; sat;0.03; sat;0.02; sat
../formulae/QF_S/20230329-woorpje-lu/track01/01_track_21.smt2;0.01; sat;0.02; sat;0.03; sat;0.02; sat;0.03; sat;0.04; sat
../formulae/QF_S/20230329-woorpje-lu/track01/01_track_38.smt2;0.02; sat;0.04; sat;0.04; sat;0.03; sat;0.04; sat;0.04; sat
../formulae/QF_S/20230329-woorpje-lu/track01/01_track_163.smt2;0.03; sat;0.02; sat;0.06; sat;0.07; sat;0.07; sat;0.04; sat
../formulae/QF_S/20230329-woorpje-lu/track01/01_track_30.smt2;0.03; sat;0.03; sat;47.82; sat;47.08; sat;47.95; sat;47.09; sat
../formulae/QF_S/20230329-woorpje-lu/track01/01_track_69.smt2;0.11; sat;0.04; sat;TO;TO;TO;TO;TO;TO;ERR;ERR
../formulae/QF_S/20230329-woorpje-lu/track01/01_track_173.smt2;0.03; sat;0.01; sat;0.04; sat;0.03; sat;0.01; sat;0.03; sat
../formulae/QF_S/20230329-woorpje-lu/track01/01_track_120.smt2;0.04; sat;0.2; sat;0.04; sat;0.06; sat;0.02; sat;0.03; sat
../formulae/QF_S/20230329-woorpje-lu/track01/01_track_104.smt2;0.03; sat;0.04; sat;0.03; sat;0.03; sat;0.04; sat;0.04; sat
../formulae/QF_S/20230329-woorpje-lu/track01/01_track_152.smt2;0.01; sat;0.02; sat;0.02; sat;0.01; sat;0.03; sat;0.03; sat
../formulae/QF_S/20230329-woorpje-lu/track01/01_track_91.smt2;0.0; sat;0.02; sat;0.03; sat;0.03; sat;0.02; sat;0.03; sat
../formulae/QF_S/20230329-woorpje-lu/track01/01_track_103.smt2;0.02; sat;0.03; sat;0.04; sat;0.02; sat;0.03; sat;0.03; sat
../formulae/QF_S/20230329-woorpje-lu/track01/01_track_158.smt2;0.02; sat;0.04; sat;0.1; sat;0.04; sat;0.05; sat;0.06; sat
../formulae/QF_S/20230329-woorpje-lu/track01/01_track_159.smt2;0.08; sat;0.01; sat;TO;TO;TO;TO;TO;TO;TO;TO
../formulae/QF_S/20230329-woorpje-lu/track01/01_track_127.smt2;0.01; sat;0.04; sat;0.05; sat;0.03; sat;0.03; sat;0.03; sat
../formulae/QF_S/20230329-woorpje-lu/track01/01_track_36.smt2;0.06; sat;0.11; sat;2.6; sat;3.45; sat;3.48; sat;3.35; sat
../formulae/QF_S/20230329-woorpje-lu/track01/01_track_187.smt2;0.05; sat;0.03; sat;TO;TO;TO;TO;TO;TO;TO;TO
../formulae/QF_S/20230329-woorpje-lu/track01/01_track_162.smt2;0.07; sat;0.02; sat;TO;TO;TO;TO;TO;TO;TO;TO
../formulae/QF_S/20230329-woorpje-lu/track01/01_track_176.smt2;0.0; sat;0.02; sat;0.02; sat;0.03; sat;0.03; sat;0.03; sat
../formulae/QF_S/20230329-woorpje-lu/track01/01_track_45.smt2;0.02; sat;0.02; sat;0.03; sat;0.03; sat;0.02; sat;0.03; sat
../formulae/QF_S/20230329-woorpje-lu/track01/01_track_22.smt2;0.03; sat;0.02; sat;0.05; sat;0.04; sat;0.05; sat;0.03; sat
../formulae/QF_S/20230329-woorpje-lu/track01/01_track_193.smt2;0.0; sat;0.03; sat;0.03; sat;0.02; sat;0.02; sat;0.02; sat
../formulae/QF_S/20230329-woorpje-lu/track01/01_track_34.smt2;0.02; sat;0.05; sat;0.04; sat;0.03; sat;0.01; sat;0.03; sat
../formulae/QF_S/20230329-woorpje-lu/track01/01_track_94.smt2;0.01; sat;0.01; sat;0.03; sat;0.02; sat;0.02; sat;0.02; sat
../formulae/QF_S/20230329-woorpje-lu/track01/01_track_171.smt2;0.01; sat;0.03; sat;0.02; sat;0.02; sat;0.01; sat;0.02; sat
../formulae/QF_S/20230329-woorpje-lu/track01/01_track_88.smt2;0.02; sat;0.05; sat;0.04; sat;0.01; sat;0.01; sat;0.02; sat
../formulae/QF_S/20230329-woorpje-lu/track01/01_track_58.smt2;0.03; sat;0.09; sat;0.04; sat;0.03; sat;0.04; sat;0.03; sat
../formulae/QF_S/20230329-woorpje-lu/track01/01_track_12.smt2;0.01; sat;0.03; sat;0.03; sat;0.03; sat;0.02; sat;0.03; sat
../formulae/QF_S/20230329-woorpje-lu/track01/01_track_148.smt2;0.04; sat;0.39; sat;2.54; sat;2.58; sat;1.93; sat;1.82; sat
../formulae/QF_S/20230329-woorpje-lu/track01/01_track_92.smt2;0.02; sat;0.01; sat;0.02; sat;0.03; sat;0.02; sat;0.04; sat
../formulae/QF_S/20230329-woorpje-lu/track01/01_track_66.smt2;0.03; sat;0.01; sat;0.04; sat;0.02; sat;0.03; sat;0.03; sat
../formulae/QF_S/20230329-woorpje-lu/track01/01_track_118.smt2;0.02; sat;0.01; sat;0.03; sat;0.04; sat;0.02; sat;0.03; sat
../formulae/QF_S/20230329-woorpje-lu/track01/01_track_25.smt2;0.07; sat;0.03; sat;TO;TO;TO;TO;TO;TO;TO;TO
../formulae/QF_S/20230329-woorpje-lu/track01/01_track_153.smt2;0.04; sat;0.05; sat;0.02; sat;0.02; sat;0.03; sat;0.04; sat
../formulae/QF_S/20230329-woorpje-lu/track01/01_track_186.smt2;0.03; sat;0.05; sat;0.04; sat;0.02; sat;0.03; sat;0.02; sat
../formulae/QF_S/20230329-woorpje-lu/track01/01_track_65.smt2;0.03; sat;0.11; sat;0.04; sat;0.01; sat;0.04; sat;0.05; sat
../formulae/QF_S/20230329-woorpje-lu/track01/01_track_43.smt2;TO;TO;6.87; sat;TO;TO;TO;TO;TO;TO;TO;TO
../formulae/QF_S/20230329-woorpje-lu/track01/01_track_185.smt2;0.01; sat;0.02; sat;0.02; sat;0.01; sat;0.03; sat;0.02; sat
../formulae/QF_S/20230329-woorpje-lu/track01/01_track_196.smt2;0.02; sat;0.02; sat;0.04; sat;0.04; sat;0.03; sat;0.02; sat
../formulae/QF_S/20230329-woorpje-lu/track01/01_track_4.smt2;0.02; sat;0.03; sat;0.03; sat;0.04; sat;0.02; sat;0.04; sat
../formulae/QF_S/20230329-woorpje-lu/track01/01_track_52.smt2;0.02; sat;0.01; sat;0.03; sat;0.02; sat;0.02; sat;0.04; sat
../formulae/QF_S/20230329-woorpje-lu/track01/01_track_157.smt2;0.03; sat;0.01; sat;0.02; sat;0.0; sat;0.04; sat;0.03; sat
../formulae/QF_S/20230329-woorpje-lu/track01/01_track_191.smt2;0.04; sat;0.03; sat;4.37; sat;3.95; sat;4.54; sat;4.49; sat
../formulae/QF_S/20230329-woorpje-lu/track01/01_track_5.smt2;0.02; sat;0.02; sat;0.02; sat;0.04; sat;0.03; sat;0.02; sat
../formulae/QF_S/20230329-woorpje-lu/track01/01_track_44.smt2;0.0; sat;0.02; sat;0.03; sat;0.04; sat;0.02; sat;0.02; sat
../formulae/QF_S/20230329-woorpje-lu/track01/01_track_101.smt2;0.02; sat;0.05; sat;0.03; sat;0.04; sat;0.04; sat;0.02; sat
../formulae/QF_S/20230329-woorpje-lu/track01/01_track_129.smt2;0.01; sat;0.01; sat;0.01; sat;0.02; sat;0.01; sat;0.03; sat
../formulae/QF_S/20230329-woorpje-lu/track01/01_track_82.smt2;TO;TO;0.03; sat;TO;TO;TO;TO;TO;TO;TO;TO
../formulae/QF_S/20230329-woorpje-lu/track01/01_track_140.smt2;0.09; sat;0.03; sat;TO;TO;TO;TO;TO;TO;TO;TO
../formulae/QF_S/20230329-woorpje-lu/track01/01_track_115.smt2;0.03; sat;0.01; sat;0.04; sat;0.03; sat;0.04; sat;0.03; sat
../formulae/QF_S/20230329-woorpje-lu/track01/01_track_143.smt2;0.03; sat;0.03; sat;0.05; sat;0.03; sat;0.03; sat;0.04; sat
../formulae/QF_S/20230329-woorpje-lu/track01/01_track_16.smt2;0.08; sat;0.05; sat;TO;TO;TO;TO;TO;TO;TO;TO
../formulae/QF_S/20230329-woorpje-lu/track01/01_track_167.smt2;0.04; sat;0.03; sat;0.04; sat;0.03; sat;0.02; sat;0.03; sat
../formulae/QF_S/20230329-woorpje-lu/track01/01_track_39.smt2;0.04; sat;0.01; sat;0.04; sat;0.03; sat;0.04; sat;0.02; sat
../formulae/QF_S/20230329-woorpje-lu/track01/01_track_10.smt2;0.05; sat;0.02; sat;0.05; sat;0.04; sat;0.03; sat;0.03; sat
../formulae/QF_S/20230329-woorpje-lu/track01/01_track_95.smt2;0.03; sat;0.04; sat;0.05; sat;0.03; sat;0.01; sat;0.05; sat
../formulae/QF_S/20230329-woorpje-lu/track01/01_track_141.smt2;0.04; sat;0.14; sat;TO;TO;TO;TO;TO;TO;TO;TO
../formulae/QF_S/20230329-woorpje-lu/track01/01_track_75.smt2;0.0; sat;0.02; sat;0.03; sat;0.02; sat;0.02; sat;0.03; sat
../formulae/QF_S/20230329-woorpje-lu/track01/01_track_2.smt2;0.03; sat;0.03; sat;13.24; sat;13.25; sat;13.1; sat;13.41; sat
../formulae/QF_S/20230329-woorpje-lu/track01/01_track_46.smt2;0.06; sat;0.02; sat;TO;TO;TO;TO;TO;TO;TO;TO
../formulae/QF_S/20230329-woorpje-lu/track01/01_track_85.smt2;0.02; sat;0.02; sat;0.04; sat;0.04; sat;0.04; sat;0.02; sat
../formulae/QF_S/20230329-woorpje-lu/track01/01_track_15.smt2;0.03; sat;0.02; sat;0.03; sat;0.02; sat;0.03; sat;0.03; sat
../formulae/QF_S/20230329-woorpje-lu/track01/01_track_48.smt2;0.02; sat;0.02; sat;0.03; sat;0.03; sat;0.04; sat;0.02; sat
../formulae/QF_S/20230329-woorpje-lu/track01/01_track_53.smt2;0.09; sat;0.04; sat;TO;TO;TO;TO;TO;TO;TO;TO
../formulae/QF_S/20230329-woorpje-lu/track01/01_track_122.smt2;0.05; sat;0.03; sat;0.04; sat;0.03; sat;0.04; sat;0.04; sat
../formulae/QF_S/20230329-woorpje-lu/track01/01_track_31.smt2;0.01; sat;0.02; sat;0.04; sat;0.03; sat;0.03; sat;0.03; sat
../formulae/QF_S/20230329-woorpje-lu/track01/01_track_11.smt2;0.03; sat;0.05; sat;0.02; sat;0.03; sat;0.02; sat;0.03; sat
../formulae/QF_S/20230329-woorpje-lu/track01/01_track_132.smt2;0.03; sat;0.25; sat;0.04; sat;0.04; sat;0.05; sat;0.02; sat
../formulae/QF_S/20230329-woorpje-lu/track01/01_track_195.smt2;0.02; sat;0.04; sat;0.03; sat;0.02; sat;0.04; sat;0.03; sat
../formulae/QF_S/20230329-woorpje-lu/track01/01_track_100.smt2;TO;TO;0.84; sat;TO;TO;TO;TO;TO;TO;TO;TO
../formulae/QF_S/20230329-woorpje-lu/track01/01_track_137.smt2;0.03; sat;0.04; sat;0.04; sat;0.04; sat;0.05; sat;0.01; sat
../formulae/QF_S/20230329-woorpje-lu/track01/01_track_55.smt2;0.06; sat;0.04; sat;TO;TO;TO;TO;TO;TO;TO;TO
../formulae/QF_S/20230329-woorpje-lu/track01/01_track_105.smt2;0.01; sat;0.03; sat;0.02; sat;0.04; sat;0.03; sat;0.03; sat
../formulae/QF_S/20230329-woorpje-lu/track01/01_track_98.smt2;0.01; sat;0.01; sat;0.02; sat;0.04; sat;0.02; sat;0.02; sat
../formulae/QF_S/20230329-woorpje-lu/track01/01_track_87.smt2;0.04; sat;0.12; sat;0.01; sat;0.02; sat;0.02; sat;0.03; sat
../formulae/QF_S/20230329-woorpje-lu/track01/01_track_139.smt2;0.04; sat;0.19; sat;0.03; sat;0.02; sat;0.04; sat;0.02; sat
../formulae/QF_S/20230329-woorpje-lu/track01/01_track_35.smt2;0.08; sat;0.02; sat;0.04; sat;0.04; sat;0.05; sat;0.05; sat
../formulae/QF_S/20230329-woorpje-lu/track01/01_track_108.smt2;0.01; sat;0.01; sat;0.03; sat;0.03; sat;0.02; sat;0.03; sat
../formulae/QF_S/20230329-woorpje-lu/track01/01_track_199.smt2;0.05; sat;0.03; sat;TO;TO;TO;TO;TO;TO;TO;TO
../formulae/QF_S/20230329-woorpje-lu/track01/01_track_200.smt2;0.0; sat;0.04; sat;0.04; sat;0.02; sat;0.03; sat;0.03; sat
../formulae/QF_S/20230329-woorpje-lu/track01/01_track_133.smt2;0.04; sat;16.31; sat;0.04; sat;0.05; sat;0.03; sat;0.04; sat
../formulae/QF_S/20230329-woorpje-lu/track01/01_track_179.smt2;0.02; sat;0.01; sat;0.03; sat;0.04; sat;0.02; sat;0.04; sat
../formulae/QF_S/20230329-woorpje-lu/track01/01_track_41.smt2;0.0; sat;0.04; sat;0.02; sat;0.04; sat;0.01; sat;0.02; sat
../formulae/QF_S/20230329-woorpje-lu/track01/01_track_28.smt2;0.05; sat;0.02; sat;0.05; sat;0.05; sat;0.05; sat;0.03; sat
../formulae/QF_S/20230329-woorpje-lu/track01/01_track_70.smt2;0.03; sat;0.03; sat;0.04; sat;0.02; sat;0.04; sat;0.02; sat
../formulae/QF_S/20230329-woorpje-lu/track01/01_track_114.smt2;0.01; sat;0.01; sat;0.02; sat;0.01; sat;0.02; sat;0.03; sat
../formulae/QF_S/20230329-woorpje-lu/track01/01_track_50.smt2;TO;TO;0.5; sat;TO;TO;TO;TO;TO;TO;TO;TO
../formulae/QF_S/20230329-woorpje-lu/track01/01_track_26.smt2;0.06; sat;0.07; sat;TO;TO;TO;TO;TO;TO;TO;TO
../formulae/QF_S/20230329-woorpje-lu/track01/01_track_57.smt2;0.02; sat;0.03; sat;0.03; sat;0.03; sat;0.01; sat;0.04; sat
../formulae/QF_S/20230329-woorpje-lu/track01/01_track_61.smt2;0.01; sat;0.01; sat;0.03; sat;0.04; sat;0.04; sat;0.03; sat
../formulae/QF_S/20230329-woorpje-lu/track01/01_track_3.smt2;0.03; sat;0.03; sat;68.07; sat;72.34; sat;70.0; sat;65.95; sat
../formulae/QF_S/20230329-woorpje-lu/track01/01_track_99.smt2;0.02; sat;0.01; sat;0.03; sat;0.04; sat;0.01; sat;0.03; sat
../formulae/QF_S/20230329-woorpje-lu/track01/01_track_161.smt2;0.04; sat;0.05; sat;0.02; sat;0.03; sat;0.04; sat;0.03; sat
../formulae/QF_S/20230329-woorpje-lu/track01/01_track_135.smt2;TO;TO;0.12; sat;TO;TO;TO;TO;TO;TO;TO;TO
../formulae/QF_S/20230329-woorpje-lu/track01/01_track_198.smt2;0.07; sat;0.05; sat;0.05; sat;0.04; sat;0.06; sat;0.05; sat
../formulae/QF_S/20230329-woorpje-lu/track01/01_track_124.smt2;0.01; sat;0.02; sat;0.03; sat;0.01; sat;0.03; sat;0.02; sat
../formulae/QF_S/20230329-woorpje-lu/track01/01_track_62.smt2;0.01; sat;0.01; sat;0.03; sat;0.03; sat;0.02; sat;0.04; sat
../formulae/QF_S/20230329-woorpje-lu/track01/01_track_165.smt2;0.02; sat;0.03; sat;0.02; sat;0.04; sat;0.03; sat;0.04; sat
../formulae/QF_S/20230329-woorpje-lu/track01/01_track_149.smt2;0.02; sat;0.02; sat;0.03; sat;0.01; sat;0.03; sat;0.02; sat
../formulae/QF_S/20230329-woorpje-lu/track01/01_track_102.smt2;0.02; sat;0.03; sat;0.06; sat;0.05; sat;0.05; sat;0.05; sat
../formulae/QF_S/20230329-woorpje-lu/track01/01_track_17.smt2;TO;TO;0.08; sat;0.11; sat;0.07; sat;0.11; sat;0.12; sat
../formulae/QF_S/20230329-woorpje-lu/track01/01_track_180.smt2;0.01; sat;0.0; sat;0.01; sat;0.03; sat;0.01; sat;0.05; sat
../formulae/QF_S/20230329-woorpje-lu/track01/01_track_107.smt2;0.02; sat;0.01; sat;0.02; sat;0.02; sat;0.03; sat;0.04; sat
../formulae/QF_S/20230329-woorpje-lu/track01/01_track_8.smt2;0.05; sat;0.04; sat;TO;TO;TO;TO;TO;TO;TO;TO
../formulae/QF_S/20230329-woorpje-lu/track01/01_track_84.smt2;0.03; sat;0.05; sat;0.02; sat;0.01; sat;0.03; sat;0.04; sat
../formulae/QF_S/20230329-woorpje-lu/track01/01_track_128.smt2;0.0; sat;0.03; sat;0.02; sat;0.03; sat;0.03; sat;0.03; sat
../formulae/QF_S/20230329-woorpje-lu/track01/01_track_9.smt2;0.03; sat;0.02; sat;0.04; sat;0.04; sat;0.03; sat;0.04; sat
../formulae/QF_S/20230329-woorpje-lu/track01/01_track_155.smt2;0.01; sat;0.03; sat;0.02; sat;0.03; sat;0.03; sat;0.03; sat
../formulae/QF_S/20230329-woorpje-lu/track01/01_track_182.smt2;0.04; sat;0.02; sat;0.02; sat;0.03; sat;0.04; sat;0.03; sat
../formulae/QF_S/20230329-woorpje-lu/track01/01_track_106.smt2;0.02; sat;0.03; sat;0.02; sat;0.03; sat;0.02; sat;0.04; sat
../formulae/QF_S/20230329-woorpje-lu/track01/01_track_68.smt2;0.01; sat;0.02; sat;0.02; sat;0.04; sat;0.02; sat;0.04; sat
../formulae/QF_S/20230329-woorpje-lu/track01/01_track_174.smt2;TO;TO;5.6; sat;TO;TO;TO;TO;TO;TO;TO;TO
../formulae/QF_S/20230329-woorpje-lu/track01/01_track_1.smt2;0.0; sat;0.02; sat;0.03; sat;0.02; sat;0.03; sat;0.03; sat
../formulae/QF_S/20230329-woorpje-lu/track03/03_track_41.smt2;0.01; unsat;0.01; unsat;0.02; unsat;0.03; unsat;0.02; unsat;0.01; unsat
../formulae/QF_S/20230329-woorpje-lu/track03/03_track_35.smt2;0.02; unsat;0.03; unsat;0.03; unsat;0.01; unsat;0.03; unsat;0.01; unsat
../formulae/QF_S/20230329-woorpje-lu/track03/03_track_99.smt2;0.05; sat;0.04; sat;16.54; sat;16.13; sat;15.3; sat;15.59; sat
../formulae/QF_S/20230329-woorpje-lu/track03/03_track_27.smt2;0.03; unsat;0.01; unsat;0.02; unsat;0.03; unsat;0.04; unsat;0.03; unsat
../formulae/QF_S/20230329-woorpje-lu/track03/03_track_74.smt2;TO;TO;0.53; sat;TO;TO;TO;TO;TO;TO;TO;TO
../formulae/QF_S/20230329-woorpje-lu/track03/03_track_25.smt2;0.01; unsat;0.02; unsat;0.01; unsat;0.03; unsat;0.03; unsat;0.04; unsat
../formulae/QF_S/20230329-woorpje-lu/track03/03_track_96.smt2;0.02; sat;0.03; sat;0.58; sat;0.74; sat;0.71; sat;0.62; sat
../formulae/QF_S/20230329-woorpje-lu/track03/03_track_39.smt2;0.01; unsat;0.03; unsat;0.03; unsat;0.04; unsat;0.02; unsat;0.03; unsat
../formulae/QF_S/20230329-woorpje-lu/track03/03_track_141.smt2;0.05; sat;0.02; sat;TO;TO;TO;TO;TO;TO;TO;TO
../formulae/QF_S/20230329-woorpje-lu/track03/03_track_85.smt2;0.14; sat;0.24; sat;TO;TO;TO;TO;TO;TO;TO;TO
../formulae/QF_S/20230329-woorpje-lu/track03/03_track_81.smt2;TO;TO;0.07; sat;ERR;ERR;ERR;ERR;ERR;ERR;ERR;ERR
../formulae/QF_S/20230329-woorpje-lu/track03/03_track_180.smt2;0.11; sat;0.02; sat;TO;TO;TO;TO;TO;TO;TO;TO
../formulae/QF_S/20230329-woorpje-lu/track03/03_track_143.smt2;0.6; sat;0.28; sat;TO;TO;TO;TO;TO;TO;TO;TO
../formulae/QF_S/20230329-woorpje-lu/track03/03_track_176.smt2;0.28; sat;0.11; sat;ERR;ERR;ERR;ERR;ERR;ERR;ERR;ERR
../formulae/QF_S/20230329-woorpje-lu/track03/03_track_70.smt2;TO;TO;0.1; sat;TO;TO;TO;TO;TO;TO;TO;TO
../formulae/QF_S/20230329-woorpje-lu/track03/03_track_197.smt2;0.03; sat;0.02; sat;0.04; sat;0.04; sat;0.01; sat;0.06; sat
../formulae/QF_S/20230329-woorpje-lu/track03/03_track_102.smt2;0.04; sat;0.05; sat;3.11; sat;2.67; sat;3.34; sat;3.34; sat
../formulae/QF_S/20230329-woorpje-lu/track03/03_track_79.smt2;0.19; sat;0.06; sat;ERR;ERR;ERR;ERR;ERR;ERR;ERR;ERR
../formulae/QF_S/20230329-woorpje-lu/track03/03_track_62.smt2;TO;TO;0.1; sat;ERR;ERR;ERR;ERR;ERR;ERR;ERR;ERR
../formulae/QF_S/20230329-woorpje-lu/track03/03_track_64.smt2;TO;TO;0.07; sat;TO;TO;TO;TO;TO;TO;TO;TO
../formulae/QF_S/20230329-woorpje-lu/track03/03_track_118.smt2;0.13; sat;0.13; sat;TO;TO;TO;TO;TO;TO;TO;TO
../formulae/QF_S/20230329-woorpje-lu/track03/03_track_173.smt2;0.17; sat;0.07; sat;ERR;ERR;TO;TO;TO;TO;TO;TO
../formulae/QF_S/20230329-woorpje-lu/track03/03_track_61.smt2;TO;TO;TO;TO;ERR;ERR;ERR;ERR;ERR;ERR;ERR;ERR
../formulae/QF_S/20230329-woorpje-lu/track03/03_track_110.smt2;TO;TO;0.02; sat;1.15; sat;1.67; sat;1.15; sat;1.62; sat
../formulae/QF_S/20230329-woorpje-lu/track03/03_track_175.smt2;0.32; sat;0.6; sat;ERR;ERR;ERR;ERR;ERR;ERR;ERR;ERR
../formulae/QF_S/20230329-woorpje-lu/track03/03_track_7.smt2;0.01; unsat;0.02; unsat;0.04; unsat;0.01; unsat;0.01; unsat;0.01; unsat
../formulae/QF_S/20230329-woorpje-lu/track03/03_track_26.smt2;0.02; unsat;0.03; unsat;0.02; unsat;0.01; unsat;0.02; unsat;0.03; unsat
../formulae/QF_S/20230329-woorpje-lu/track03/03_track_111.smt2;0.06; sat;0.07; sat;TO;TO;TO;TO;TO;TO;TO;TO
../formulae/QF_S/20230329-woorpje-lu/track03/03_track_38.smt2;0.01; unsat;0.02; unsat;0.04; unsat;0.01; unsat;0.03; unsat;0.04; unsat
../formulae/QF_S/20230329-woorpje-lu/track03/03_track_82.smt2;0.37; sat;0.11; sat;ERR;ERR;ERR;ERR;ERR;ERR;ERR;ERR
../formulae/QF_S/20230329-woorpje-lu/track03/03_track_103.smt2;0.03; sat;0.04; sat;TO;TO;TO;TO;TO;TO;TO;TO
../formulae/QF_S/20230329-woorpje-lu/track03/03_track_151.smt2;TO;TO;TO;TO;TO;TO;TO;TO;ERR;ERR;TO;TO
../formulae/QF_S/20230329-woorpje-lu/track03/03_track_3.smt2;0.0; unsat;0.02; unsat;0.02; unsat;0.04; unsat;0.01; unsat;0.01; unsat
../formulae/QF_S/20230329-woorpje-lu/track03/03_track_47.smt2;TO;TO;0.12; sat;TO;TO;TO;TO;TO;TO;TO;TO
../formulae/QF_S/20230329-woorpje-lu/track03/03_track_195.smt2;0.44; sat;7.3; sat;TO;TO;TO;TO;TO;TO;TO;TO
../formulae/QF_S/20230329-woorpje-lu/track03/03_track_124.smt2;0.04; sat;0.02; sat;TO;TO;TO;TO;TO;TO;TO;TO
../formulae/QF_S/20230329-woorpje-lu/track03/03_track_113.smt2;0.1; sat;0.1; sat;TO;TO;TO;TO;TO;TO;TO;TO
../formulae/QF_S/20230329-woorpje-lu/track03/03_track_158.smt2;0.09; sat;0.06; sat;TO;TO;TO;TO;TO;TO;TO;TO
../formulae/QF_S/20230329-woorpje-lu/track03/03_track_55.smt2;TO;TO;0.08; sat;TO;TO;TO;TO;TO;TO;TO;TO
../formulae/QF_S/20230329-woorpje-lu/track03/03_track_179.smt2;0.1; sat;TO;TO;TO;TO;TO;TO;TO;TO;TO;TO
../formulae/QF_S/20230329-woorpje-lu/track03/03_track_134.smt2;0.06; sat;0.03; sat;TO;TO;TO;TO;TO;TO;TO;TO
../formulae/QF_S/20230329-woorpje-lu/track03/03_track_57.smt2;TO;TO;0.08; sat;TO;TO;TO;TO;TO;TO;TO;TO
../formulae/QF_S/20230329-woorpje-lu/track03/03_track_90.smt2;0.05; sat;0.04; sat;TO;TO;TO;TO;TO;TO;TO;TO
../formulae/QF_S/20230329-woorpje-lu/track03/03_track_119.smt2;0.08; sat;0.02; sat;TO;TO;TO;TO;TO;TO;TO;TO
../formulae/QF_S/20230329-woorpje-lu/track03/03_track_183.smt2;0.14; sat;0.2; sat;TO;TO;TO;TO;TO;TO;TO;TO
../formulae/QF_S/20230329-woorpje-lu/track03/03_track_146.smt2;0.15; sat;0.09; sat;ERR;ERR;ERR;ERR;ERR;ERR;ERR;ERR
../formulae/QF_S/20230329-woorpje-lu/track03/03_track_8.smt2;0.01; unsat;0.03; unsat;0.03; unsat;0.02; unsat;0.02; unsat;0.03; unsat
../formulae/QF_S/20230329-woorpje-lu/track03/03_track_5.smt2;0.02; unsat;0.03; unsat;0.03; unsat;0.03; unsat;0.01; unsat;0.03; unsat
../formulae/QF_S/20230329-woorpje-lu/track03/03_track_155.smt2;0.46; sat;0.49; sat;ERR;ERR;ERR;ERR;ERR;ERR;ERR;ERR
../formulae/QF_S/20230329-woorpje-lu/track03/03_track_11.smt2;0.0; unsat;0.03; unsat;0.01; unsat;0.03; unsat;0.03; unsat;0.03; unsat
../formulae/QF_S/20230329-woorpje-lu/track03/03_track_150.smt2;0.23; sat;0.08; sat;ERR;ERR;ERR;ERR;ERR;ERR;ERR;ERR
../formulae/QF_S/20230329-woorpje-lu/track03/03_track_199.smt2;0.49; sat;2.04; sat;ERR;ERR;ERR;ERR;ERR;ERR;TO;TO
../formulae/QF_S/20230329-woorpje-lu/track03/03_track_156.smt2;0.55; sat;0.24; sat;ERR;ERR;ERR;ERR;ERR;ERR;ERR;ERR
../formulae/QF_S/20230329-woorpje-lu/track03/03_track_88.smt2;0.12; sat;0.24; sat;ERR;ERR;ERR;ERR;ERR;ERR;TO;TO
../formulae/QF_S/20230329-woorpje-lu/track03/03_track_51.smt2;TO;TO;0.23; sat;TO;TO;ERR;ERR;ERR;ERR;TO;TO
../formulae/QF_S/20230329-woorpje-lu/track03/03_track_10.smt2;0.0; unsat;0.01; unsat;0.03; unsat;0.02; unsat;0.02; unsat;0.01; unsat
../formulae/QF_S/20230329-woorpje-lu/track03/03_track_16.smt2;0.01; unsat;0.04; unsat;0.03; unsat;0.04; unsat;0.02; unsat;0.04; unsat
../formulae/QF_S/20230329-woorpje-lu/track03/03_track_59.smt2;TO;TO;9.02; sat;TO;TO;TO;TO;TO;TO;TO;TO
../formulae/QF_S/20230329-woorpje-lu/track03/03_track_30.smt2;0.0; unsat;0.01; unsat;0.02; unsat;0.01; unsat;0.03; unsat;0.04; unsat
../formulae/QF_S/20230329-woorpje-lu/track03/03_track_136.smt2;0.21; sat;0.13; sat;ERR;ERR;ERR;ERR;ERR;ERR;ERR;ERR
../formulae/QF_S/20230329-woorpje-lu/track03/03_track_116.smt2;0.09; sat;0.02; sat;TO;TO;TO;TO;TO;TO;TO;TO
../formulae/QF_S/20230329-woorpje-lu/track03/03_track_189.smt2;0.52; sat;0.34; sat;ERR;ERR;ERR;ERR;ERR;ERR;TO;TO
../formulae/QF_S/20230329-woorpje-lu/track03/03_track_162.smt2;0.12; sat;0.23; sat;TO;TO;TO;TO;TO;TO;TO;TO
../formulae/QF_S/20230329-woorpje-lu/track03/03_track_138.smt2;0.19; sat;0.56; sat;ERR;ERR;ERR;ERR;ERR;ERR;ERR;ERR
../formulae/QF_S/20230329-woorpje-lu/track03/03_track_166.smt2;0.29; sat;0.22; sat;ERR;ERR;ERR;ERR;ERR;ERR;TO;TO
../formulae/QF_S/20230329-woorpje-lu/track03/03_track_94.smt2;0.02; sat;0.03; sat;0.03; sat;0.02; sat;0.04; sat;0.03; sat
../formulae/QF_S/20230329-woorpje-lu/track03/03_track_182.smt2;TO;TO;TO;TO;ERR;ERR;ERR;ERR;ERR;ERR;ERR;ERR
../formulae/QF_S/20230329-woorpje-lu/track03/03_track_60.smt2;TO;TO;TO;TO;TO;TO;ERR;ERR;ERR;ERR;ERR;ERR
../formulae/QF_S/20230329-woorpje-lu/track03/03_track_54.smt2;TO;TO;TO;TO;TO;TO;TO;TO;TO;TO;TO;TO
../formulae/QF_S/20230329-woorpje-lu/track03/03_track_77.smt2;0.23; sat;1.81; sat;TO;TO;TO;TO;TO;TO;TO;TO
../formulae/QF_S/20230329-woorpje-lu/track03/03_track_52.smt2;TO;TO;0.06; sat;TO;TO;TO;TO;TO;TO;TO;TO
../formulae/QF_S/20230329-woorpje-lu/track03/03_track_123.smt2;0.2; sat;0.29; sat;TO;TO;TO;TO;TO;TO;TO;TO
../formulae/QF_S/20230329-woorpje-lu/track03/03_track_117.smt2;0.12; sat;0.1; sat;TO;TO;TO;TO;TO;TO;TO;TO
../formulae/QF_S/20230329-woorpje-lu/track03/03_track_148.smt2;0.06; sat;0.08; sat;TO;TO;TO;TO;TO;TO;TO;TO
../formulae/QF_S/20230329-woorpje-lu/track03/03_track_86.smt2;0.1; sat;0.09; sat;TO;TO;TO;TO;TO;TO;TO;TO
../formulae/QF_S/20230329-woorpje-lu/track03/03_track_92.smt2;0.05; sat;0.03; sat;0.02; sat;0.04; sat;0.05; sat;0.02; sat
../formulae/QF_S/20230329-woorpje-lu/track03/03_track_45.smt2;TO;TO;TO;TO;TO;TO;TO;TO;TO;TO;TO;TO
../formulae/QF_S/20230329-woorpje-lu/track03/03_track_152.smt2;0.6; sat;19.3; sat;TO;TO;TO;TO;TO;TO;TO;TO
../formulae/QF_S/20230329-woorpje-lu/track03/03_track_161.smt2;0.06; sat;0.05; sat;TO;TO;TO;TO;TO;TO;TO;TO
../formulae/QF_S/20230329-woorpje-lu/track03/03_track_44.smt2;0.01; unsat;0.02; unsat;0.01; unsat;0.04; unsat;0.02; unsat;0.02; unsat
../formulae/QF_S/20230329-woorpje-lu/track03/03_track_142.smt2;0.59; sat;1.06; sat;ERR;ERR;ERR;ERR;ERR;ERR;ERR;ERR
../formulae/QF_S/20230329-woorpje-lu/track03/03_track_13.smt2;0.01; unsat;0.02; unsat;0.02; unsat;0.03; unsat;0.03; unsat;0.04; unsat
../formulae/QF_S/20230329-woorpje-lu/track03/03_track_97.smt2;0.03; sat;0.05; sat;5.06; sat;4.89; sat;4.74; sat;5.03; sat
../formulae/QF_S/20230329-woorpje-lu/track03/03_track_198.smt2;0.05; sat;0.04; sat;0.51; sat;0.51; sat;0.72; sat;0.51; sat
../formulae/QF_S/20230329-woorpje-lu/track03/03_track_40.smt2;0.01; unsat;0.03; unsat;0.02; unsat;0.03; unsat;0.03; unsat;0.02; unsat
../formulae/QF_S/20230329-woorpje-lu/track03/03_track_107.smt2;0.05; sat;0.06; sat;0.66; sat;0.74; sat;0.75; sat;0.7; sat
../formulae/QF_S/20230329-woorpje-lu/track03/03_track_170.smt2;0.39; sat;0.08; sat;ERR;ERR;ERR;ERR;ERR;ERR;ERR;ERR
../formulae/QF_S/20230329-woorpje-lu/track03/03_track_160.smt2;0.06; sat;0.09; sat;TO;TO;TO;TO;TO;TO;TO;TO
../formulae/QF_S/20230329-woorpje-lu/track03/03_track_157.smt2;0.29; sat;0.06; sat;TO;TO;TO;TO;TO;TO;TO;TO
../formulae/QF_S/20230329-woorpje-lu/track03/03_track_24.smt2;0.01; unsat;0.03; unsat;0.04; unsat;0.03; unsat;0.04; unsat;0.02; unsat
../formulae/QF_S/20230329-woorpje-lu/track03/03_track_153.smt2;0.58; sat;0.49; sat;TO;TO;TO;TO;TO;TO;TO;TO
../formulae/QF_S/20230329-woorpje-lu/track03/03_track_23.smt2;0.0; unsat;0.02; unsat;0.02; unsat;0.01; unsat;0.03; unsat;0.01; unsat
../formulae/QF_S/20230329-woorpje-lu/track03/03_track_159.smt2;0.08; sat;0.07; sat;TO;TO;TO;TO;TO;TO;TO;TO
../formulae/QF_S/20230329-woorpje-lu/track03/03_track_20.smt2;0.01; unsat;0.02; unsat;0.01; unsat;0.01; unsat;0.02; unsat;0.02; unsat
../formulae/QF_S/20230329-woorpje-lu/track03/03_track_34.smt2;0.03; unsat;0.01; unsat;0.01; unsat;0.02; unsat;0.04; unsat;0.02; unsat
../formulae/QF_S/20230329-woorpje-lu/track03/03_track_42.smt2;0.01; unsat;0.02; unsat;0.01; unsat;0.01; unsat;0.01; unsat;0.01; unsat
../formulae/QF_S/20230329-woorpje-lu/track03/03_track_53.smt2;0.09; sat;0.07; sat;TO;TO;TO;TO;TO;TO;TO;TO
../formulae/QF_S/20230329-woorpje-lu/track03/03_track_48.smt2;TO;TO;TO;TO;TO;TO;TO;TO;TO;TO;TO;TO
../formulae/QF_S/20230329-woorpje-lu/track03/03_track_91.smt2;0.03; sat;0.03; sat;0.03; sat;0.04; sat;0.04; sat;0.04; sat
../formulae/QF_S/20230329-woorpje-lu/track03/03_track_36.smt2;0.01; unsat;0.02; unsat;0.01; unsat;0.01; unsat;0.02; unsat;0.03; unsat
../formulae/QF_S/20230329-woorpje-lu/track03/03_track_177.smt2;0.0; sat;0.02; sat;0.03; sat;0.02; sat;0.01; sat;0.04; sat
../formulae/QF_S/20230329-woorpje-lu/track03/03_track_100.smt2;0.06; sat;0.04; sat;0.72; sat;0.91; sat;0.96; sat;0.86; sat
../formulae/QF_S/20230329-woorpje-lu/track03/03_track_1.smt2;0.01; unsat;0.02; unsat;0.04; unsat;0.04; unsat;0.03; unsat;0.02; unsat
../formulae/QF_S/20230329-woorpje-lu/track03/03_track_135.smt2;0.11; sat;0.27; sat;TO;TO;TO;TO;TO;TO;TO;TO
../formulae/QF_S/20230329-woorpje-lu/track03/03_track_133.smt2;0.04; sat;0.05; sat;TO;TO;TO;TO;TO;TO;TO;TO
../formulae/QF_S/20230329-woorpje-lu/track03/03_track_93.smt2;0.04; sat;0.04; sat;0.04; sat;0.04; sat;0.05; sat;0.05; sat
../formulae/QF_S/20230329-woorpje-lu/track03/03_track_29.smt2;0.01; unsat;0.01; unsat;0.01; unsat;0.04; unsat;0.02; unsat;0.01; unsat
../formulae/QF_S/20230329-woorpje-lu/track03/03_track_14.smt2;0.01; unsat;0.01; unsat;0.02; unsat;0.01; unsat;0.04; unsat;0.03; unsat
../formulae/QF_S/20230329-woorpje-lu/track03/03_track_127.smt2;0.03; sat;0.02; sat;0.05; sat;0.04; sat;0.01; sat;0.01; sat
../formulae/QF_S/20230329-woorpje-lu/track03/03_track_69.smt2;TO;TO;5.29; sat;ERR;ERR;ERR;ERR;ERR;ERR;TO;TO
../formulae/QF_S/20230329-woorpje-lu/track03/03_track_149.smt2;0.12; sat;0.03; sat;TO;TO;TO;TO;TO;TO;TO;TO
../formulae/QF_S/20230329-woorpje-lu/track03/03_track_68.smt2;TO;TO;0.08; sat;ERR;ERR;ERR;ERR;ERR;ERR;ERR;ERR
../formulae/QF_S/20230329-woorpje-lu/track03/03_track_50.smt2;TO;TO;TO;TO;ERR;ERR;ERR;ERR;ERR;ERR;ERR;ERR
../formulae/QF_S/20230329-woorpje-lu/track03/03_track_194.smt2;0.06; sat;0.04; sat;4.96; sat;5.07; sat;4.78; sat;4.11; sat
../formulae/QF_S/20230329-woorpje-lu/track03/03_track_72.smt2;TO;TO;0.36; sat;TO;TO;TO;TO;TO;TO;TO;TO
../formulae/QF_S/20230329-woorpje-lu/track03/03_track_109.smt2;0.1; sat;0.03; sat;TO;TO;TO;TO;TO;TO;TO;TO
../formulae/QF_S/20230329-woorpje-lu/track03/03_track_131.smt2;0.24; sat;0.11; sat;TO;TO;TO;TO;TO;TO;TO;TO
../formulae/QF_S/20230329-woorpje-lu/track03/03_track_121.smt2;0.24; sat;0.04; sat;TO;TO;TO;TO;TO;TO;TO;TO
../formulae/QF_S/20230329-woorpje-lu/track03/03_track_192.smt2;0.34; sat;64.01; sat;TO;TO;TO;TO;TO;TO;TO;TO
../formulae/QF_S/20230329-woorpje-lu/track03/03_track_80.smt2;0.01; sat;0.0; sat;0.01; sat;0.01; sat;0.04; sat;0.02; sat
../formulae/QF_S/20230329-woorpje-lu/track03/03_track_73.smt2;TO;TO;15.49; sat;ERR;ERR;ERR;ERR;ERR;ERR;ERR;ERR
../formulae/QF_S/20230329-woorpje-lu/track03/03_track_144.smt2;0.03; sat;0.05; sat;0.04; sat;0.01; sat;0.01; sat;0.03; sat
../formulae/QF_S/20230329-woorpje-lu/track03/03_track_114.smt2;0.06; sat;0.04; sat;5.67; sat;5.15; sat;5.17; sat;4.9; sat
../formulae/QF_S/20230329-woorpje-lu/track03/03_track_98.smt2;0.03; sat;0.07; sat;4.42; sat;4.37; sat;3.6; sat;4.15; sat
../formulae/QF_S/20230329-woorpje-lu/track03/03_track_187.smt2;1.01; sat;TO;TO;TO;TO;TO;TO;TO;TO;TO;TO
../formulae/QF_S/20230329-woorpje-lu/track03/03_track_58.smt2;TO;TO;TO;TO;TO;TO;TO;TO;TO;TO;TO;TO
../formulae/QF_S/20230329-woorpje-lu/track03/03_track_167.smt2;0.19; sat;0.17; sat;ERR;ERR;ERR;ERR;ERR;ERR;ERR;ERR
../formulae/QF_S/20230329-woorpje-lu/track03/03_track_193.smt2;0.2; sat;0.08; sat;ERR;ERR;ERR;ERR;ERR;ERR;ERR;ERR
../formulae/QF_S/20230329-woorpje-lu/track03/03_track_120.smt2;0.02; sat;0.05; sat;TO;TO;TO;TO;TO;TO;TO;TO
../formulae/QF_S/20230329-woorpje-lu/track03/03_track_75.smt2;TO;TO;TO;TO;ERR;ERR;ERR;ERR;ERR;ERR;ERR;ERR
../formulae/QF_S/20230329-woorpje-lu/track03/03_track_165.smt2;0.15; sat;0.19; sat;TO;TO;TO;TO;TO;TO;TO;TO
../formulae/QF_S/20230329-woorpje-lu/track03/03_track_137.smt2;0.16; sat;0.13; sat;TO;TO;TO;TO;TO;TO;TO;TO
../formulae/QF_S/20230329-woorpje-lu/track03/03_track_191.smt2;0.33; sat;1.65; sat;TO;TO;TO;TO;TO;TO;TO;TO
../formulae/QF_S/20230329-woorpje-lu/track03/03_track_171.smt2;0.2; sat;TO;TO;ERR;ERR;ERR;ERR;ERR;ERR;ERR;ERR
../formulae/QF_S/20230329-woorpje-lu/track03/03_track_185.smt2;0.06; sat;0.04; sat;3.32; sat;3.87; sat;3.89; sat;3.14; sat
../formulae/QF_S/20230329-woorpje-lu/track03/03_track_87.smt2;0.11; sat;0.06; sat;TO;TO;TO;TO;TO;TO;TO;TO
../formulae/QF_S/20230329-woorpje-lu/track03/03_track_112.smt2;0.11; sat;0.04; sat;TO;TO;TO;TO;TO;TO;TO;TO
../formulae/QF_S/20230329-woorpje-lu/track03/03_track_37.smt2;0.01; unsat;0.02; unsat;0.02; unsat;0.03; unsat;0.03; unsat;0.02; unsat
../formulae/QF_S/20230329-woorpje-lu/track03/03_track_71.smt2;TO;TO;0.06; sat;TO;TO;TO;TO;TO;TO;TO;TO
../formulae/QF_S/20230329-woorpje-lu/track03/03_track_163.smt2;0.23; sat;2.14; sat;TO;TO;TO;TO;TO;TO;TO;TO
../formulae/QF_S/20230329-woorpje-lu/track03/03_track_83.smt2;0.53; sat;0.34; sat;ERR;ERR;ERR;ERR;ERR;ERR;ERR;ERR
../formulae/QF_S/20230329-woorpje-lu/track03/03_track_66.smt2;TO;TO;TO;TO;TO;TO;TO;TO;TO;TO;TO;TO
../formulae/QF_S/20230329-woorpje-lu/track03/03_track_115.smt2;0.09; sat;0.11; sat;TO;TO;TO;TO;TO;TO;TO;TO
../formulae/QF_S/20230329-woorpje-lu/track03/03_track_200.smt2;1.0; sat;TO;TO;TO;TO;TO;TO;TO;TO;TO;TO
../formulae/QF_S/20230329-woorpje-lu/track03/03_track_84.smt2;0.47; sat;41.55; sat;ERR;ERR;ERR;ERR;ERR;ERR;ERR;ERR
../formulae/QF_S/20230329-woorpje-lu/track03/03_track_168.smt2;0.13; sat;0.15; sat;TO;TO;TO;TO;TO;TO;TO;TO
../formulae/QF_S/20230329-woorpje-lu/track03/03_track_28.smt2;0.0; unsat;0.02; unsat;0.03; unsat;0.04; unsat;0.03; unsat;0.02; unsat
../formulae/QF_S/20230329-woorpje-lu/track03/03_track_63.smt2;TO;TO;3.57; sat;TO;TO;TO;TO;TO;TO;TO;TO
../formulae/QF_S/20230329-woorpje-lu/track03/03_track_129.smt2;0.08; sat;TO;TO;TO;TO;TO;TO;TO;TO;TO;TO
../formulae/QF_S/20230329-woorpje-lu/track03/03_track_56.smt2;0.13; sat;0.14; sat;TO;TO;TO;TO;TO;TO;TO;TO
../formulae/QF_S/20230329-woorpje-lu/track03/03_track_9.smt2;0.0; unsat;0.01; unsat;0.03; unsat;0.03; unsat;0.04; unsat;0.04; unsat
../formulae/QF_S/20230329-woorpje-lu/track03/03_track_49.smt2;TO;TO;0.08; sat;ERR;ERR;ERR;ERR;ERR;ERR;ERR;ERR
../formulae/QF_S/20230329-woorpje-lu/track03/03_track_154.smt2;TO;TO;0.12; sat;TO;TO;TO;TO;TO;TO;TO;TO
../formulae/QF_S/20230329-woorpje-lu/track03/03_track_130.smt2;0.11; sat;0.09; sat;TO;TO;TO;TO;TO;TO;TO;TO
../formulae/QF_S/20230329-woorpje-lu/track03/03_track_21.smt2;0.01; unsat;0.03; unsat;0.01; unsat;0.03; unsat;0.01; unsat;0.04; unsat
../formulae/QF_S/20230329-woorpje-lu/track03/03_track_101.smt2;0.05; sat;0.05; sat;6.4; sat;6.44; sat;5.77; sat;6.52; sat
../formulae/QF_S/20230329-woorpje-lu/track03/03_track_95.smt2;0.02; sat;0.04; sat;0.04; sat;0.02; sat;0.05; sat;0.01; sat
../formulae/QF_S/20230329-woorpje-lu/track03/03_track_76.smt2;TO;TO;TO;TO;TO;TO;TO;TO;TO;TO;TO;TO
../formulae/QF_S/20230329-woorpje-lu/track03/03_track_139.smt2;0.65; sat;0.21; sat;TO;TO;TO;TO;TO;TO;TO;TO
../formulae/QF_S/20230329-woorpje-lu/track03/03_track_122.smt2;0.09; sat;0.09; sat;TO;TO;TO;TO;TO;TO;TO;TO
../formulae/QF_S/20230329-woorpje-lu/track03/03_track_106.smt2;0.01; sat;0.04; sat;0.04; sat;0.05; sat;0.04; sat;0.01; sat
../formulae/QF_S/20230329-woorpje-lu/track03/03_track_125.smt2;0.13; sat;0.06; sat;TO;TO;TO;TO;TO;TO;TO;TO
../formulae/QF_S/20230329-woorpje-lu/track03/03_track_147.smt2;0.03; sat;0.06; sat;2.87; sat;3.19; sat;2.45; sat;2.59; sat
../formulae/QF_S/20230329-woorpje-lu/track03/03_track_132.smt2;0.17; sat;0.16; sat;TO;TO;TO;TO;TO;TO;TO;TO
../formulae/QF_S/20230329-woorpje-lu/track03/03_track_19.smt2;0.01; unsat;0.02; unsat;0.03; unsat;0.04; unsat;0.02; unsat;0.05; unsat
../formulae/QF_S/20230329-woorpje-lu/track03/03_track_140.smt2;0.27; sat;0.23; sat;TO;TO;TO;TO;TO;TO;TO;TO
../formulae/QF_S/20230329-woorpje-lu/track03/03_track_4.smt2;0.03; unsat;0.01; unsat;0.02; unsat;0.04; unsat;0.04; unsat;0.04; unsat
../formulae/QF_S/20230329-woorpje-lu/track03/03_track_145.smt2;0.89; sat;TO;TO;TO;TO;TO;TO;TO;TO;TO;TO
../formulae/QF_S/20230329-woorpje-lu/track03/03_track_15.smt2;0.0; unsat;0.02; unsat;0.03; unsat;0.02; unsat;0.03; unsat;0.01; unsat
../formulae/QF_S/20230329-woorpje-lu/track03/03_track_188.smt2;0.04; sat;0.03; sat;5.35; sat;5.48; sat;5.95; sat;5.63; sat
../formulae/QF_S/20230329-woorpje-lu/track03/03_track_169.smt2;0.34; sat;0.55; sat;ERR;ERR;ERR;ERR;ERR;ERR;ERR;ERR
../formulae/QF_S/20230329-woorpje-lu/track03/03_track_12.smt2;0.0; unsat;0.02; unsat;0.04; unsat;0.04; unsat;0.03; unsat;0.03; unsat
../formulae/QF_S/20230329-woorpje-lu/track03/03_track_186.smt2;0.14; sat;0.08; sat;TO;TO;TO;TO;TO;TO;TO;TO
../formulae/QF_S/20230329-woorpje-lu/track03/03_track_105.smt2;0.01; sat;0.02; sat;0.04; sat;0.01; sat;0.04; sat;0.04; sat
../formulae/QF_S/20230329-woorpje-lu/track03/03_track_174.smt2;1.05; sat;2.86; sat;TO;TO;TO;TO;TO;TO;TO;TO
../formulae/QF_S/20230329-woorpje-lu/track03/03_track_31.smt2;0.0; unsat;0.03; unsat;0.03; unsat;0.03; unsat;0.01; unsat;0.03; unsat
../formulae/QF_S/20230329-woorpje-lu/track03/03_track_2.smt2;0.01; unsat;0.03; unsat;0.02; unsat;0.02; unsat;0.03; unsat;0.04; unsat
../formulae/QF_S/20230329-woorpje-lu/track03/03_track_33.smt2;0.02; unsat;0.04; unsat;0.01; unsat;0.03; unsat;0.03; unsat;0.04; unsat
../formulae/QF_S/20230329-woorpje-lu/track03/03_track_196.smt2;0.71; sat;1.62; sat;TO;TO;TO;TO;ERR;ERR;TO;TO
../formulae/QF_S/20230329-woorpje-lu/track03/03_track_181.smt2;0.06; sat;0.15; sat;TO;TO;TO;TO;TO;TO;TO;TO
../formulae/QF_S/20230329-woorpje-lu/track03/03_track_190.smt2;0.28; sat;0.09; sat;ERR;ERR;ERR;ERR;ERR;ERR;ERR;ERR
../formulae/QF_S/20230329-woorpje-lu/track03/03_track_65.smt2;TO;TO;TO;TO;ERR;ERR;ERR;ERR;ERR;ERR;ERR;ERR
../formulae/QF_S/20230329-woorpje-lu/track03/03_track_43.smt2;0.01; unsat;0.03; unsat;0.04; unsat;0.01; unsat;0.02; unsat;0.04; unsat
../formulae/QF_S/20230329-woorpje-lu/track03/03_track_22.smt2;0.01; unsat;0.02; unsat;0.03; unsat;0.03; unsat;0.02; unsat;0.01; unsat
../formulae/QF_S/20230329-woorpje-lu/track03/03_track_18.smt2;0.01; unsat;0.03; unsat;0.02; unsat;0.04; unsat;0.04; unsat;0.02; unsat
../formulae/QF_S/20230329-woorpje-lu/track03/03_track_32.smt2;0.02; unsat;0.02; unsat;0.03; unsat;0.03; unsat;0.02; unsat;0.04; unsat
../formulae/QF_S/20230329-woorpje-lu/track03/03_track_108.smt2;0.04; sat;0.04; sat;0.17; sat;0.15; sat;0.2; sat;0.17; sat
../formulae/QF_S/20230329-woorpje-lu/track03/03_track_164.smt2;0.13; sat;0.05; sat;TO;TO;TO;TO;TO;TO;TO;TO
../formulae/QF_S/20230329-woorpje-lu/track03/03_track_184.smt2;0.04; sat;0.07; sat;TO;TO;TO;TO;TO;TO;TO;TO
../formulae/QF_S/20230329-woorpje-lu/track03/03_track_78.smt2;TO;TO;TO;TO;TO;TO;TO;TO;TO;TO;TO;TO
../formulae/QF_S/20230329-woorpje-lu/track03/03_track_46.smt2;TO;TO;TO;TO;ERR;ERR;ERR;ERR;ERR;ERR;ERR;ERR
../formulae/QF_S/20230329-woorpje-lu/track03/03_track_172.smt2;0.25; sat;0.09; sat;ERR;ERR;ERR;ERR;ERR;ERR;ERR;ERR
../formulae/QF_S/20230329-woorpje-lu/track03/03_track_6.smt2;0.01; unsat;0.02; unsat;0.04; unsat;0.02; unsat;0.03; unsat;0.02; unsat
../formulae/QF_S/20230329-woorpje-lu/track03/03_track_178.smt2;0.27; sat;0.04; sat;TO;TO;TO;TO;TO;TO;TO;TO
../formulae/QF_S/20230329-woorpje-lu/track03/03_track_89.smt2;0.05; sat;0.04; sat;TO;TO;TO;TO;TO;TO;TO;TO
../formulae/QF_S/20230329-woorpje-lu/track03/03_track_17.smt2;0.0; unsat;0.01; unsat;0.03; unsat;0.03; unsat;0.03; unsat;0.04; unsat
../formulae/QF_S/20230329-woorpje-lu/track03/03_track_126.smt2;0.03; sat;0.03; sat;0.05; sat;0.04; sat;0.01; sat;0.04; sat
../formulae/QF_S/20230329-woorpje-lu/track03/03_track_128.smt2;0.04; sat;0.04; sat;TO;TO;TO;TO;TO;TO;TO;TO
../formulae/QF_S/20230329-woorpje-lu/track03/03_track_67.smt2;TO;TO;TO;TO;TO;TO;TO;TO;TO;TO;TO;TO
../formulae/QF_S/20230329-woorpje-lu/track03/03_track_104.smt2;0.02; sat;0.04; sat;0.01; sat;0.04; sat;0.04; sat;0.04; sat
../formulae/QF_S/20230329-woorpje-lu/track02/02_track_3.smt2;TO;TO;TO;TO;TO;TO;TO;TO;ERR;ERR;ERR;ERR
../formulae/QF_S/20230329-woorpje-lu/track02/02_track_7.smt2;TO;TO;TO;TO;ERR;ERR;ERR;ERR;TO;TO;TO;TO
../formulae/QF_S/20230329-woorpje-lu/track02/02_track_6.smt2;TO;TO;99.85; sat;TO;TO;TO;TO;TO;TO;TO;TO
../formulae/QF_S/20230329-woorpje-lu/track02/02_track_8.smt2;0.05; sat;0.03; sat;TO;TO;TO;TO;TO;TO;TO;TO
../formulae/QF_S/20230329-woorpje-lu/track02/02_track_5.smt2;TO;TO;0.08; sat;TO;TO;TO;TO;TO;TO;TO;TO
../formulae/QF_S/20230329-woorpje-lu/track02/02_track_1.smt2;TO;TO;0.4; sat;TO;TO;TO;TO;TO;TO;TO;TO
../formulae/QF_S/20230329-woorpje-lu/track02/02_track_2.smt2;TO;TO;TO;TO;TO;TO;TO;TO;TO;TO;TO;TO
../formulae/QF_S/20230329-woorpje-lu/track02/02_track_9.smt2;TO;TO;TO;TO;ERR;ERR;ERR;ERR;ERR;ERR;ERR;ERR
../formulae/QF_S/20230329-woorpje-lu/track02/02_track_4.smt2;TO;TO;TO;TO;ERR;ERR;ERR;ERR;ERR;ERR;ERR;ERR
../formulae/QF_S/20230329-woorpje-lu/track04/04_track_192.smt2;2.04; sat;0.05; sat;TO;TO;TO;TO;TO;TO;TO;TO
../formulae/QF_S/20230329-woorpje-lu/track04/04_track_111.smt2;3.06; sat;0.23; sat;ERR;ERR;ERR;ERR;ERR;ERR;ERR;ERR
../formulae/QF_S/20230329-woorpje-lu/track04/04_track_171.smt2;1.39; sat;0.14; sat;ERR;ERR;ERR;ERR;TO;TO;TO;TO
../formulae/QF_S/20230329-woorpje-lu/track04/04_track_70.smt2;0.11; unsat;0.05; unsat;0.03; unsat;0.02; unsat;0.01; unsat;0.03; unsat
../formulae/QF_S/20230329-woorpje-lu/track04/04_track_99.smt2;6.41; sat;0.37; sat;ERR;ERR;TO;TO;ERR;ERR;TO;TO
../formulae/QF_S/20230329-woorpje-lu/track04/04_track_1.smt2;0.0; sat;0.03; sat;0.05; sat;0.04; sat;0.02; sat;0.04; sat
../formulae/QF_S/20230329-woorpje-lu/track04/04_track_4.smt2;0.55; unsat;0.04; unsat;0.04; unsat;0.03; unsat;0.03; unsat;0.01; unsat
../formulae/QF_S/20230329-woorpje-lu/track04/04_track_158.smt2;0.16; sat;3.16; sat;ERR;ERR;ERR;ERR;TO;TO;ERR;ERR
../formulae/QF_S/20230329-woorpje-lu/track04/04_track_50.smt2;0.48; unsat;0.05; unsat;0.04; unsat;0.04; unsat;0.02; unsat;0.03; unsat
../formulae/QF_S/20230329-woorpje-lu/track04/04_track_94.smt2;0.07; sat;0.07; sat;0.02; sat;0.03; sat;0.03; sat;0.04; sat
../formulae/QF_S/20230329-woorpje-lu/track04/04_track_189.smt2;2.97; sat;0.14; sat;TO;TO;TO;TO;TO;TO;TO;TO
../formulae/QF_S/20230329-woorpje-lu/track04/04_track_3.smt2;0.07; sat;0.04; sat;0.01; sat;0.02; sat;0.04; sat;0.02; sat
../formulae/QF_S/20230329-woorpje-lu/track04/04_track_129.smt2;0.07; unsat;0.04; unsat;0.02; unsat;0.03; unsat;0.04; unsat;0.03; unsat
../formulae/QF_S/20230329-woorpje-lu/track04/04_track_194.smt2;1.84; unsat;0.06; unsat;0.04; unsat;0.04; unsat;0.04; unsat;0.03; unsat
../formulae/QF_S/20230329-woorpje-lu/track04/04_track_174.smt2;2.41; sat;0.54; sat;TO;TO;TO;TO;TO;TO;TO;TO
../formulae/QF_S/20230329-woorpje-lu/track04/04_track_112.smt2;0.79; sat;0.09; sat;TO;TO;TO;TO;TO;TO;TO;TO
../formulae/QF_S/20230329-woorpje-lu/track04/04_track_20.smt2;0.11; sat;0.04; sat;0.04; sat;0.03; sat;0.02; sat;0.01; sat
../formulae/QF_S/20230329-woorpje-lu/track04/04_track_116.smt2;0.06; unsat;0.04; unsat;0.01; unsat;0.0; unsat;0.05; unsat;0.03; unsat
../formulae/QF_S/20230329-woorpje-lu/track04/04_track_90.smt2;0.32; unsat;0.05; unsat;0.01; unsat;0.05; unsat;0.03; unsat;0.04; unsat
../formulae/QF_S/20230329-woorpje-lu/track04/04_track_149.smt2;0.08; sat;0.03; sat;0.03; sat;0.01; sat;0.03; sat;0.03; sat
../formulae/QF_S/20230329-woorpje-lu/track04/04_track_100.smt2;0.09; sat;0.02; sat;0.03; sat;0.04; sat;0.02; sat;0.03; sat
../formulae/QF_S/20230329-woorpje-lu/track04/04_track_82.smt2;0.15; unsat;0.05; unsat;0.04; unsat;0.04; unsat;0.02; unsat;0.02; unsat
../formulae/QF_S/20230329-woorpje-lu/track04/04_track_80.smt2;0.08; unsat;0.04; unsat;0.03; unsat;0.03; unsat;0.03; unsat;0.02; unsat
../formulae/QF_S/20230329-woorpje-lu/track04/04_track_167.smt2;0.55; unsat;0.04; unsat;0.04; unsat;0.04; unsat;0.01; unsat;0.04; unsat
../formulae/QF_S/20230329-woorpje-lu/track04/04_track_38.smt2;10.13; sat;1.03; sat;ERR;ERR;TO;TO;TO;TO;TO;TO
../formulae/QF_S/20230329-woorpje-lu/track04/04_track_154.smt2;0.03; unsat;0.05; unsat;0.01; unsat;0.04; unsat;0.04; unsat;0.04; unsat
../formulae/QF_S/20230329-woorpje-lu/track04/04_track_96.smt2;0.08; unsat;0.03; unsat;0.03; unsat;0.03; unsat;0.04; unsat;0.03; unsat
../formulae/QF_S/20230329-woorpje-lu/track04/04_track_11.smt2;2.04; unsat;0.08; unsat;0.02; unsat;0.02; unsat;0.04; unsat;0.02; unsat
../formulae/QF_S/20230329-woorpje-lu/track04/04_track_182.smt2;0.51; sat;0.1; sat;1.86; sat;14.4; sat;TO;TO;TO;TO
../formulae/QF_S/20230329-woorpje-lu/track04/04_track_61.smt2;0.27; unsat;0.06; unsat;0.04; unsat;0.04; unsat;0.04; unsat;0.04; unsat
../formulae/QF_S/20230329-woorpje-lu/track04/04_track_199.smt2;7.48; sat;0.19; sat;TO;TO;TO;TO;TO;TO;TO;TO
../formulae/QF_S/20230329-woorpje-lu/track04/04_track_25.smt2;0.08; unsat;0.02; unsat;0.01; unsat;0.02; unsat;0.03; unsat;0.04; unsat
../formulae/QF_S/20230329-woorpje-lu/track04/04_track_126.smt2;1.46; unsat;0.06; unsat;0.05; unsat;0.04; unsat;0.05; unsat;0.05; unsat
../formulae/QF_S/20230329-woorpje-lu/track04/04_track_179.smt2;4.06; sat;TO;TO;TO;TO;TO;TO;TO;TO;TO;TO
../formulae/QF_S/20230329-woorpje-lu/track04/04_track_51.smt2;0.07; unsat;0.01; unsat;0.03; unsat;0.04; unsat;0.04; unsat;0.03; unsat
../formulae/QF_S/20230329-woorpje-lu/track04/04_track_45.smt2;0.09; unsat;0.04; unsat;0.03; unsat;0.01; unsat;0.04; unsat;0.03; unsat
../formulae/QF_S/20230329-woorpje-lu/track04/04_track_196.smt2;0.06; sat;0.08; sat;TO;TO;TO;TO;TO;TO;TO;TO
../formulae/QF_S/20230329-woorpje-lu/track04/04_track_77.smt2;0.15; unsat;0.04; unsat;0.04; unsat;0.04; unsat;0.02; unsat;0.05; unsat
../formulae/QF_S/20230329-woorpje-lu/track04/04_track_102.smt2;0.07; unsat;0.05; unsat;0.02; unsat;0.02; unsat;0.04; unsat;0.04; unsat
../formulae/QF_S/20230329-woorpje-lu/track04/04_track_40.smt2;1.97; sat;0.64; sat;TO;TO;TO;TO;ERR;ERR;ERR;ERR
../formulae/QF_S/20230329-woorpje-lu/track04/04_track_134.smt2;0.46; sat;0.1; sat;TO;TO;TO;TO;ERR;ERR;ERR;ERR
../formulae/QF_S/20230329-woorpje-lu/track04/04_track_115.smt2;2.53; sat;0.13; sat;TO;TO;TO;TO;TO;TO;TO;TO
../formulae/QF_S/20230329-woorpje-lu/track04/04_track_175.smt2;0.11; sat;0.04; sat;0.05; sat;0.04; sat;0.03; sat;0.02; sat
../formulae/QF_S/20230329-woorpje-lu/track04/04_track_101.smt2;0.25; unsat;0.03; unsat;0.04; unsat;0.05; unsat;0.03; unsat;0.05; unsat
../formulae/QF_S/20230329-woorpje-lu/track04/04_track_44.smt2;0.02; unsat;0.02; unsat;0.02; unsat;0.04; unsat;0.03; unsat;0.03; unsat
../formulae/QF_S/20230329-woorpje-lu/track04/04_track_173.smt2;0.16; unsat;0.03; unsat;0.03; unsat;0.03; unsat;0.04; unsat;0.04; unsat
../formulae/QF_S/20230329-woorpje-lu/track04/04_track_29.smt2;0.02; sat;0.01; sat;0.04; sat;0.03; sat;0.02; sat;0.04; sat
../formulae/QF_S/20230329-woorpje-lu/track04/04_track_74.smt2;0.41; unsat;0.05; unsat;0.04; unsat;0.03; unsat;0.04; unsat;0.04; unsat
../formulae/QF_S/20230329-woorpje-lu/track04/04_track_130.smt2;0.26; sat;0.02; sat;0.04; sat;0.03; sat;0.02; sat;0.04; sat
../formulae/QF_S/20230329-woorpje-lu/track04/04_track_84.smt2;1.57; unsat;0.05; unsat;0.03; unsat;0.05; unsat;0.03; unsat;0.02; unsat
../formulae/QF_S/20230329-woorpje-lu/track04/04_track_98.smt2;0.02; unsat;0.02; unsat;0.02; unsat;0.02; unsat;0.02; unsat;0.04; unsat
../formulae/QF_S/20230329-woorpje-lu/track04/04_track_150.smt2;0.19; unsat;0.06; unsat;0.02; unsat;0.02; unsat;0.04; unsat;0.04; unsat
../formulae/QF_S/20230329-woorpje-lu/track04/04_track_135.smt2;0.63; sat;0.05; sat;0.01; sat;0.05; sat;0.03; sat;0.03; sat
../formulae/QF_S/20230329-woorpje-lu/track04/04_track_155.smt2;2.59; sat;0.05; sat;0.05; sat;0.04; sat;0.02; sat;0.05; sat
../formulae/QF_S/20230329-woorpje-lu/track04/04_track_141.smt2;0.07; sat;0.02; sat;0.04; sat;0.03; sat;0.04; sat;0.02; sat
../formulae/QF_S/20230329-woorpje-lu/track04/04_track_22.smt2;6.71; unsat;0.08; unsat;0.06; unsat;0.04; unsat;0.04; unsat;0.04; unsat
../formulae/QF_S/20230329-woorpje-lu/track04/04_track_197.smt2;0.44; sat;0.04; sat;0.02; sat;0.03; sat;0.02; sat;0.03; sat
../formulae/QF_S/20230329-woorpje-lu/track04/04_track_42.smt2;0.2; sat;0.04; sat;0.01; sat;0.03; sat;0.04; sat;0.03; sat
../formulae/QF_S/20230329-woorpje-lu/track04/04_track_138.smt2;0.44; unsat;0.07; unsat;0.05; unsat;0.05; unsat;0.04; unsat;0.03; unsat
../formulae/QF_S/20230329-woorpje-lu/track04/04_track_69.smt2;0.66; unsat;0.05; unsat;0.02; unsat;0.04; unsat;0.03; unsat;0.04; unsat
../formulae/QF_S/20230329-woorpje-lu/track04/04_track_132.smt2;0.13; sat;0.17; sat;TO;TO;TO;TO;TO;TO;TO;TO
../formulae/QF_S/20230329-woorpje-lu/track04/04_track_49.smt2;0.3; sat;0.06; sat;0.08; sat;0.1; sat;0.08; sat;0.08; sat
../formulae/QF_S/20230329-woorpje-lu/track04/04_track_142.smt2;0.22; sat;0.03; sat;0.02; sat;0.02; sat;0.03; sat;0.02; sat
../formulae/QF_S/20230329-woorpje-lu/track04/04_track_166.smt2;0.85; unsat;0.03; unsat;0.02; unsat;0.05; unsat;0.04; unsat;0.04; unsat
../formulae/QF_S/20230329-woorpje-lu/track04/04_track_147.smt2;0.04; unsat;0.03; unsat;0.04; unsat;0.02; unsat;0.01; unsat;0.03; unsat
../formulae/QF_S/20230329-woorpje-lu/track04/04_track_85.smt2;1.29; unsat;0.05; unsat;0.02; unsat;0.02; unsat;0.04; unsat;0.04; unsat
../formulae/QF_S/20230329-woorpje-lu/track04/04_track_160.smt2;0.1; unsat;0.06; unsat;0.03; unsat;0.02; unsat;0.03; unsat;0.04; unsat
../formulae/QF_S/20230329-woorpje-lu/track04/04_track_27.smt2;0.1; unsat;0.05; unsat;0.04; unsat;0.02; unsat;0.05; unsat;0.03; unsat
../formulae/QF_S/20230329-woorpje-lu/track04/04_track_145.smt2;1.21; sat;0.05; sat;0.04; sat;0.04; sat;0.04; sat;0.02; sat
../formulae/QF_S/20230329-woorpje-lu/track04/04_track_186.smt2;4.27; sat;0.37; sat;TO;TO;TO;TO;TO;TO;TO;TO
../formulae/QF_S/20230329-woorpje-lu/track04/04_track_105.smt2;0.07; unsat;0.02; unsat;0.04; unsat;0.02; unsat;0.04; unsat;0.03; unsat
../formulae/QF_S/20230329-woorpje-lu/track04/04_track_118.smt2;0.52; sat;0.03; sat;0.04; sat;0.03; sat;0.03; sat;0.05; sat
../formulae/QF_S/20230329-woorpje-lu/track04/04_track_7.smt2;0.01; sat;0.03; sat;0.04; sat;0.04; sat;0.02; sat;0.03; sat
../formulae/QF_S/20230329-woorpje-lu/track04/04_track_41.smt2;1.05; sat;0.06; sat;0.04; sat;0.05; sat;0.03; sat;0.04; sat
../formulae/QF_S/20230329-woorpje-lu/track04/04_track_159.smt2;0.24; unsat;0.01; unsat;0.04; unsat;0.02; unsat;0.05; unsat;0.04; unsat
../formulae/QF_S/20230329-woorpje-lu/track04/04_track_148.smt2;0.14; sat;0.01; sat;0.03; sat;0.04; sat;0.03; sat;0.03; sat
../formulae/QF_S/20230329-woorpje-lu/track04/04_track_28.smt2;3.93; sat;0.01; sat;0.04; sat;0.04; sat;0.05; sat;0.03; sat
../formulae/QF_S/20230329-woorpje-lu/track04/04_track_37.smt2;2.12; unsat;0.05; unsat;0.05; unsat;0.05; unsat;0.05; unsat;0.05; unsat
../formulae/QF_S/20230329-woorpje-lu/track04/04_track_31.smt2;0.36; unsat;0.04; unsat;0.03; unsat;0.02; unsat;0.02; unsat;0.05; unsat
../formulae/QF_S/20230329-woorpje-lu/track04/04_track_14.smt2;16.09; sat;TO;TO;TO;TO;TO;TO;TO;TO;TO;TO
../formulae/QF_S/20230329-woorpje-lu/track04/04_track_137.smt2;1.64; sat;0.15; sat;0.48; sat;0.44; sat;0.33; sat;0.31; sat
../formulae/QF_S/20230329-woorpje-lu/track04/04_track_73.smt2;0.05; sat;0.03; sat;0.01; sat;0.04; sat;0.01; sat;0.02; sat
../formulae/QF_S/20230329-woorpje-lu/track04/04_track_103.smt2;0.11; unsat;0.04; unsat;0.02; unsat;0.04; unsat;0.04; unsat;0.04; unsat
../formulae/QF_S/20230329-woorpje-lu/track04/04_track_184.smt2;0.15; sat;0.02; sat;0.02; sat;0.03; sat;0.04; sat;0.03; sat
../formulae/QF_S/20230329-woorpje-lu/track04/04_track_140.smt2;0.16; unsat;0.05; unsat;0.04; unsat;0.03; unsat;0.03; unsat;0.04; unsat
../formulae/QF_S/20230329-woorpje-lu/track04/04_track_165.smt2;0.65; sat;0.05; sat;0.04; sat;0.05; sat;0.04; sat;0.03; sat
../formulae/QF_S/20230329-woorpje-lu/track04/04_track_48.smt2;2.05; sat;0.16; sat;1.08; sat;1.22; sat;1.04; sat;1.07; sat
../formulae/QF_S/20230329-woorpje-lu/track04/04_track_36.smt2;0.19; sat;0.02; sat;0.05; sat;0.04; sat;0.04; sat;0.03; sat
../formulae/QF_S/20230329-woorpje-lu/track04/04_track_172.smt2;0.01; sat;0.04; sat;0.02; sat;0.02; sat;0.03; sat;0.03; sat
../formulae/QF_S/20230329-woorpje-lu/track04/04_track_81.smt2;0.13; unsat;0.05; unsat;0.03; unsat;0.04; unsat;0.02; unsat;0.01; unsat
../formulae/QF_S/20230329-woorpje-lu/track04/04_track_83.smt2;0.1; unsat;0.03; unsat;0.01; unsat;0.03; unsat;0.03; unsat;0.03; unsat
../formulae/QF_S/20230329-woorpje-lu/track04/04_track_122.smt2;0.02; sat;0.03; sat;0.02; sat;0.03; sat;0.03; sat;0.02; sat
../formulae/QF_S/20230329-woorpje-lu/track04/04_track_33.smt2;0.11; unsat;0.04; unsat;0.02; unsat;0.03; unsat;0.03; unsat;0.02; unsat
../formulae/QF_S/20230329-woorpje-lu/track04/04_track_117.smt2;0.75; sat;0.04; sat;0.02; sat;0.05; sat;0.01; sat;0.04; sat
../formulae/QF_S/20230329-woorpje-lu/track04/04_track_58.smt2;0.1; sat;0.0; sat;0.03; sat;0.03; sat;0.01; sat;0.02; sat
../formulae/QF_S/20230329-woorpje-lu/track04/04_track_78.smt2;0.1; unsat;0.04; unsat;0.03; unsat;0.03; unsat;0.03; unsat;0.03; unsat
../formulae/QF_S/20230329-woorpje-lu/track04/04_track_34.smt2;0.44; sat;0.02; sat;TO;TO;TO;TO;TO;TO;TO;TO
../formulae/QF_S/20230329-woorpje-lu/track04/04_track_113.smt2;0.07; unsat;0.03; unsat;0.03; unsat;0.03; unsat;0.02; unsat;0.06; unsat
../formulae/QF_S/20230329-woorpje-lu/track04/04_track_86.smt2;7.08; unsat;0.07; unsat;0.06; unsat;0.05; unsat;0.04; unsat;0.05; unsat
../formulae/QF_S/20230329-woorpje-lu/track04/04_track_125.smt2;0.01; sat;0.01; sat;0.03; sat;0.03; sat;0.02; sat;0.02; sat
../formulae/QF_S/20230329-woorpje-lu/track04/04_track_39.smt2;0.08; sat;0.03; sat;0.02; sat;0.04; sat;0.01; sat;0.01; sat
../formulae/QF_S/20230329-woorpje-lu/track04/04_track_72.smt2;0.12; unsat;0.02; unsat;0.03; unsat;0.03; unsat;0.02; unsat;0.04; unsat
../formulae/QF_S/20230329-woorpje-lu/track04/04_track_177.smt2;0.79; sat;0.05; sat;0.02; sat;0.04; sat;0.02; sat;0.03; sat
../formulae/QF_S/20230329-woorpje-lu/track04/04_track_185.smt2;1.65; sat;0.06; sat;0.04; sat;0.05; sat;0.04; sat;0.03; sat
../formulae/QF_S/20230329-woorpje-lu/track04/04_track_97.smt2;0.08; sat;0.02; sat;0.03; sat;0.02; sat;0.02; sat;0.02; sat
../formulae/QF_S/20230329-woorpje-lu/track04/04_track_68.smt2;3.08; unsat;0.04; unsat;0.04; unsat;0.02; unsat;0.02; unsat;0.05; unsat
../formulae/QF_S/20230329-woorpje-lu/track04/04_track_67.smt2;0.1; sat;0.05; sat;0.04; sat;0.01; sat;0.03; sat;0.02; sat
../formulae/QF_S/20230329-woorpje-lu/track04/04_track_139.smt2;2.41; unsat;0.06; unsat;0.05; unsat;0.02; unsat;0.03; unsat;0.04; unsat
../formulae/QF_S/20230329-woorpje-lu/track04/04_track_119.smt2;0.6; sat;0.76; sat;TO;TO;TO;TO;TO;TO;TO;TO
../formulae/QF_S/20230329-woorpje-lu/track04/04_track_87.smt2;0.05; sat;0.02; sat;0.02; sat;0.05; sat;0.03; sat;0.04; sat
../formulae/QF_S/20230329-woorpje-lu/track04/04_track_188.smt2;0.03; unsat;0.04; unsat;0.03; unsat;0.02; unsat;0.02; unsat;0.04; unsat
../formulae/QF_S/20230329-woorpje-lu/track04/04_track_47.smt2;0.47; unsat;0.05; unsat;0.05; unsat;0.04; unsat;0.04; unsat;0.03; unsat
../formulae/QF_S/20230329-woorpje-lu/track04/04_track_168.smt2;1.02; sat;0.06; sat;0.04; sat;0.01; sat;0.04; sat;0.03; sat
../formulae/QF_S/20230329-woorpje-lu/track04/04_track_190.smt2;0.23; unsat;0.06; unsat;0.02; unsat;0.04; unsat;0.04; unsat;0.01; unsat
../formulae/QF_S/20230329-woorpje-lu/track04/04_track_64.smt2;0.14; unsat;0.05; unsat;0.02; unsat;0.04; unsat;0.02; unsat;0.01; unsat
../formulae/QF_S/20230329-woorpje-lu/track04/04_track_176.smt2;3.19; unsat;0.24; unsat;TO;TO;TO;TO;TO;TO;TO;TO
../formulae/QF_S/20230329-woorpje-lu/track04/04_track_181.smt2;1.67; unsat;0.02; unsat;0.02; unsat;0.04; unsat;0.04; unsat;0.03; unsat
../formulae/QF_S/20230329-woorpje-lu/track04/04_track_114.smt2;0.02; sat;0.03; sat;0.05; sat;0.03; sat;0.02; sat;0.03; sat
../formulae/QF_S/20230329-woorpje-lu/track04/04_track_66.smt2;0.65; sat;0.08; sat;TO;TO;TO;TO;TO;TO;TO;TO
../formulae/QF_S/20230329-woorpje-lu/track04/04_track_71.smt2;0.7; unsat;0.07; unsat;0.05; unsat;0.04; unsat;0.05; unsat;0.04; unsat
../formulae/QF_S/20230329-woorpje-lu/track04/04_track_156.smt2;0.06; sat;0.02; sat;0.02; sat;0.03; sat;0.01; sat;0.02; sat
../formulae/QF_S/20230329-woorpje-lu/track04/04_track_157.smt2;0.08; unsat;0.04; unsat;0.04; unsat;0.03; unsat;0.03; unsat;0.01; unsat
../formulae/QF_S/20230329-woorpje-lu/track04/04_track_109.smt2;0.11; unsat;0.04; unsat;0.03; unsat;0.03; unsat;0.02; unsat;0.02; unsat
../formulae/QF_S/20230329-woorpje-lu/track04/04_track_54.smt2;0.31; sat;0.04; sat;0.03; sat;0.02; sat;0.03; sat;0.01; sat
../formulae/QF_S/20230329-woorpje-lu/track04/04_track_144.smt2;0.04; unsat;0.03; unsat;0.01; unsat;0.04; unsat;0.03; unsat;0.02; unsat
../formulae/QF_S/20230329-woorpje-lu/track04/04_track_95.smt2;0.38; unsat;0.06; unsat;0.04; unsat;0.03; unsat;0.01; unsat;0.04; unsat
../formulae/QF_S/20230329-woorpje-lu/track04/04_track_19.smt2;0.07; unsat;0.03; unsat;0.03; unsat;0.03; unsat;0.02; unsat;0.01; unsat
../formulae/QF_S/20230329-woorpje-lu/track04/04_track_127.smt2;4.83; sat;0.35; sat;TO;TO;TO;TO;ERR;ERR;TO;TO
../formulae/QF_S/20230329-woorpje-lu/track04/04_track_198.smt2;0.44; sat;0.03; sat;0.04; sat;0.04; sat;0.04; sat;0.02; sat
../formulae/QF_S/20230329-woorpje-lu/track04/04_track_183.smt2;1.29; unsat;0.06; unsat;0.03; unsat;0.04; unsat;0.03; unsat;0.03; unsat
../formulae/QF_S/20230329-woorpje-lu/track04/04_track_93.smt2;0.01; sat;0.03; sat;0.01; sat;0.04; sat;0.03; sat;0.03; sat
../formulae/QF_S/20230329-woorpje-lu/track04/04_track_162.smt2;0.06; sat;1.15; sat;0.03; sat;0.03; sat;0.03; sat;0.05; sat
../formulae/QF_S/20230329-woorpje-lu/track04/04_track_12.smt2;2.08; sat;0.03; sat;0.02; sat;0.04; sat;0.04; sat;0.02; sat
../formulae/QF_S/20230329-woorpje-lu/track04/04_track_193.smt2;1.56; sat;0.03; sat;0.04; sat;0.04; sat;0.03; sat;0.02; sat
../formulae/QF_S/20230329-woorpje-lu/track04/04_track_108.smt2;0.17; unsat;0.04; unsat;0.04; unsat;0.04; unsat;0.04; unsat;0.03; unsat
../formulae/QF_S/20230329-woorpje-lu/track04/04_track_187.smt2;0.14; unsat;0.06; unsat;0.04; unsat;0.04; unsat;0.04; unsat;0.02; unsat
../formulae/QF_S/20230329-woorpje-lu/track04/04_track_59.smt2;0.03; unsat;0.01; unsat;0.01; unsat;0.02; unsat;0.02; unsat;0.04; unsat
../formulae/QF_S/20230329-woorpje-lu/track04/04_track_65.smt2;0.02; sat;0.02; sat;0.04; sat;0.03; sat;0.02; sat;0.02; sat
../formulae/QF_S/20230329-woorpje-lu/track04/04_track_9.smt2;0.51; sat;0.1; sat;TO;TO;TO;TO;TO;TO;TO;TO
../formulae/QF_S/20230329-woorpje-lu/track04/04_track_200.smt2;0.37; sat;0.92; sat;TO;TO;TO;TO;TO;TO;TO;TO
../formulae/QF_S/20230329-woorpje-lu/track04/04_track_15.smt2;3.15; sat;0.09; sat;1.09; sat;1.08; sat;0.82; sat;0.84; sat
../formulae/QF_S/20230329-woorpje-lu/track04/04_track_121.smt2;2.51; unsat;0.09; unsat;TO;TO;TO;TO;ERR;ERR;TO;TO
../formulae/QF_S/20230329-woorpje-lu/track04/04_track_136.smt2;1.96; sat;0.13; sat;0.06; sat;0.07; sat;0.06; sat;0.06; sat
../formulae/QF_S/20230329-woorpje-lu/track04/04_track_153.smt2;0.05; sat;0.02; sat;0.04; sat;0.02; sat;0.02; sat;0.03; sat
../formulae/QF_S/20230329-woorpje-lu/track04/04_track_120.smt2;2.18; unsat;0.06; unsat;0.02; unsat;0.03; unsat;0.02; unsat;0.02; unsat
../formulae/QF_S/20230329-woorpje-lu/track04/04_track_55.smt2;3.03; sat;0.11; sat;6.93; sat;TO;TO;1.68; sat;1.45; sat
../formulae/QF_S/20230329-woorpje-lu/track04/04_track_60.smt2;0.02; unsat;0.03; unsat;0.04; unsat;0.03; unsat;0.01; unsat;0.04; unsat
../formulae/QF_S/20230329-woorpje-lu/track04/04_track_163.smt2;2.85; sat;0.03; sat;0.02; sat;0.05; sat;0.05; sat;0.02; sat
../formulae/QF_S/20230329-woorpje-lu/track04/04_track_106.smt2;3.77; sat;0.16; sat;TO;TO;TO;TO;TO;TO;TO;TO
../formulae/QF_S/20230329-woorpje-lu/track04/04_track_88.smt2;3.01; unsat;0.07; unsat;0.05; unsat;0.04; unsat;0.04; unsat;0.04; unsat
../formulae/QF_S/20230329-woorpje-lu/track04/04_track_53.smt2;9.79; unsat;0.07; unsat;0.07; unsat;0.02; unsat;0.06; unsat;0.06; unsat
../formulae/QF_S/20230329-woorpje-lu/track04/04_track_76.smt2;1.24; unsat;0.02; unsat;0.02; unsat;0.02; unsat;0.04; unsat;0.05; unsat
../formulae/QF_S/20230329-woorpje-lu/track04/04_track_26.smt2;5.85; sat;0.8; sat;TO;TO;ERR;ERR;ERR;ERR;ERR;ERR
../formulae/QF_S/20230329-woorpje-lu/track04/04_track_35.smt2;0.06; sat;0.04; sat;0.04; sat;0.03; sat;0.03; sat;0.03; sat
../formulae/QF_S/20230329-woorpje-lu/track04/04_track_63.smt2;2.62; sat;0.62; sat;TO;TO;TO;TO;TO;TO;TO;TO
../formulae/QF_S/20230329-woorpje-lu/track04/04_track_24.smt2;0.3; unsat;0.05; unsat;0.01; unsat;0.04; unsat;0.03; unsat;0.04; unsat
../formulae/QF_S/20230329-woorpje-lu/track04/04_track_169.smt2;5.38; sat;0.43; sat;TO;TO;TO;TO;TO;TO;TO;TO
../formulae/QF_S/20230329-woorpje-lu/track04/04_track_178.smt2;0.05; unsat;0.01; unsat;0.01; unsat;0.03; unsat;0.04; unsat;0.03; unsat
../formulae/QF_S/20230329-woorpje-lu/track04/04_track_18.smt2;0.07; sat;0.04; sat;TO;TO;TO;TO;TO;TO;TO;TO
../formulae/QF_S/20230329-woorpje-lu/track04/04_track_152.smt2;0.34; unsat;0.04; unsat;0.04; unsat;0.02; unsat;0.04; unsat;0.04; unsat
../formulae/QF_S/20230329-woorpje-lu/track04/04_track_161.smt2;0.08; unsat;0.03; unsat;0.03; unsat;0.04; unsat;0.04; unsat;0.0; unsat
../formulae/QF_S/20230329-woorpje-lu/track04/04_track_191.smt2;0.09; unsat;0.02; unsat;0.02; unsat;0.02; unsat;0.02; unsat;0.01; unsat
../formulae/QF_S/20230329-woorpje-lu/track04/04_track_170.smt2;2.96; sat;TO;TO;TO;TO;TO;TO;TO;TO;TO;TO
../formulae/QF_S/20230329-woorpje-lu/track04/04_track_164.smt2;0.49; sat;0.07; sat;0.04; sat;0.06; sat;0.05; sat;0.03; sat
../formulae/QF_S/20230329-woorpje-lu/track04/04_track_21.smt2;0.04; unsat;0.02; unsat;0.04; unsat;0.03; unsat;0.04; unsat;0.02; unsat
../formulae/QF_S/20230329-woorpje-lu/track04/04_track_131.smt2;0.06; unsat;0.05; unsat;0.04; unsat;0.03; unsat;0.02; unsat;0.04; unsat
../formulae/QF_S/20230329-woorpje-lu/track04/04_track_32.smt2;0.06; sat;0.06; sat;0.02; sat;0.02; sat;0.04; sat;0.04; sat
../formulae/QF_S/20230329-woorpje-lu/track04/04_track_8.smt2;0.0; sat;0.03; sat;0.01; sat;0.02; sat;0.03; sat;0.02; sat
../formulae/QF_S/20230329-woorpje-lu/track04/04_track_146.smt2;0.3; unsat;0.05; unsat;0.03; unsat;0.03; unsat;0.04; unsat;0.04; unsat
../formulae/QF_S/20230329-woorpje-lu/track04/04_track_62.smt2;0.35; sat;0.03; sat;0.17; sat;0.16; sat;0.11; sat;0.14; sat
../formulae/QF_S/20230329-woorpje-lu/track04/04_track_5.smt2;0.01; sat;0.03; sat;0.02; sat;0.03; sat;0.04; sat;0.01; sat
../formulae/QF_S/20230329-woorpje-lu/track04/04_track_57.smt2;0.16; unsat;0.04; unsat;0.01; unsat;0.02; unsat;0.03; unsat;0.04; unsat
../formulae/QF_S/20230329-woorpje-lu/track04/04_track_107.smt2;0.24; sat;0.03; sat;0.02; sat;0.02; sat;0.03; sat;0.04; sat
../formulae/QF_S/20230329-woorpje-lu/track04/04_track_43.smt2;0.03; sat;0.04; sat;0.01; sat;0.03; sat;0.01; sat;0.02; sat
../formulae/QF_S/20230329-woorpje-lu/track04/04_track_79.smt2;1.1; unsat;0.08; unsat;0.03; unsat;0.03; unsat;0.02; unsat;0.04; unsat
../formulae/QF_S/20230329-woorpje-lu/track04/04_track_124.smt2;1.07; sat;0.03; sat;0.02; sat;0.03; sat;0.04; sat;0.04; sat
../formulae/QF_S/20230329-woorpje-lu/track04/04_track_123.smt2;0.14; unsat;0.06; unsat;0.02; unsat;0.04; unsat;0.04; unsat;0.03; unsat
../formulae/QF_S/20230329-woorpje-lu/track04/04_track_110.smt2;16.03; sat;0.18; sat;TO;TO;TO;TO;TO;TO;TO;TO
../formulae/QF_S/20230329-woorpje-lu/track04/04_track_2.smt2;0.04; sat;0.03; sat;0.03; sat;0.04; sat;0.04; sat;0.03; sat
../formulae/QF_S/20230329-woorpje-lu/track04/04_track_195.smt2;0.0; sat;0.02; sat;0.02; sat;0.04; sat;0.03; sat;0.03; sat
../formulae/QF_S/20230329-woorpje-lu/track04/04_track_52.smt2;0.13; unsat;0.02; unsat;0.02; unsat;0.02; unsat;0.03; unsat;0.03; unsat
../formulae/QF_S/20230329-woorpje-lu/track04/04_track_46.smt2;0.82; unsat;0.07; unsat;0.02; unsat;0.01; unsat;0.04; unsat;0.02; unsat
../formulae/QF_S/20230329-woorpje-lu/track04/04_track_104.smt2;0.06; unsat;0.15; unsat;0.04; unsat;0.03; unsat;0.03; unsat;0.05; unsat
../formulae/QF_S/20230329-woorpje-lu/track04/04_track_92.smt2;0.02; unsat;0.03; unsat;0.04; unsat;0.02; unsat;0.03; unsat;0.04; unsat
../formulae/QF_S/20230329-woorpje-lu/track04/04_track_6.smt2;0.08; sat;0.01; sat;0.02; sat;0.04; sat;0.03; sat;0.03; sat
../formulae/QF_S/20230329-woorpje-lu/track04/04_track_16.smt2;5.86; unsat;0.08; unsat;0.05; unsat;0.06; unsat;0.07; unsat;0.05; unsat
../formulae/QF_S/20230329-woorpje-lu/track04/04_track_13.smt2;0.31; sat;0.06; sat;TO;TO;TO;TO;TO;TO;TO;TO
../formulae/QF_S/20230329-woorpje-lu/track04/04_track_151.smt2;0.17; sat;0.03; sat;18.65; sat;36.29; sat;20.65; sat;13.29; sat
../formulae/QF_S/20230329-woorpje-lu/track04/04_track_10.smt2;0.36; unsat;0.07; unsat;0.04; unsat;0.02; unsat;0.03; unsat;0.04; unsat
../formulae/QF_S/20230329-woorpje-lu/track04/04_track_56.smt2;0.06; unsat;0.05; unsat;0.04; unsat;0.01; unsat;0.02; unsat;0.04; unsat
../formulae/QF_S/20230329-woorpje-lu/track04/04_track_75.smt2;4.8; sat;0.11; sat;TO;TO;TO;TO;TO;TO;TO;TO
../formulae/QF_S/20230329-woorpje-lu/track04/04_track_23.smt2;0.04; unsat;0.03; unsat;0.01; unsat;0.01; unsat;0.03; unsat;0.04; unsat
../formulae/QF_S/20230329-woorpje-lu/track04/04_track_133.smt2;0.01; sat;0.04; sat;0.02; sat;0.04; sat;0.02; sat;0.03; sat
../formulae/QF_S/20230329-woorpje-lu/track04/04_track_128.smt2;2.91; unsat;0.07; unsat;0.04; unsat;0.05; unsat;0.07; unsat;0.04; unsat
../formulae/QF_S/20230329-woorpje-lu/track04/04_track_91.smt2;0.08; unsat;0.02; unsat;0.02; unsat;0.04; unsat;0.03; unsat;0.02; unsat
../formulae/QF_S/20230329-woorpje-lu/track04/04_track_89.smt2;0.56; unsat;0.07; unsat;0.02; unsat;0.03; unsat;0.03; unsat;0.05; unsat
../formulae/QF_S/20230329-woorpje-lu/track04/04_track_143.smt2;0.03; sat;0.04; sat;0.04; sat;0.02; sat;0.03; sat;0.02; sat
../formulae/QF_S/20230329-woorpje-lu/track04/04_track_180.smt2;0.28; unsat;0.06; unsat;0.03; unsat;0.02; unsat;0.03; unsat;0.04; unsat
../formulae/QF_S/20230329-woorpje-lu/track04/04_track_17.smt2;0.14; unsat;0.04; unsat;0.02; unsat;0.01; unsat;0.02; unsat;0.03; unsat
../formulae/QF_S/20230329-woorpje-lu/track04/04_track_30.smt2;0.05; sat;0.02; sat;0.01; sat;0.02; sat;0.02; sat;0.02; sat
